ID,TITULO,VALOR,LOCAL,DATA_ANUNCIO,LINK,DATA_COLETA_METADADOS
1091450338,"fonte chaveada 50 amperes novas garantia ,entrega",R$ 49,Serra -  ES,"Hoje, 08:07",https://es.olx.com.br/norte-do-espirito-santo/computadores-e-acessorios/fonte-chaveada-50-amperes-novas-garantia-entrega-1091450338,2022-10-01
1091450334,iPhone XR 128gb IMPECÁVEL,R$ 2.300,São Paulo -  SP,"Hoje, 08:07",https://sp.olx.com.br/sao-paulo-e-regiao/celulares/iphone-xr-128gb-impecavel-1091450334,2022-10-01
1091450330,"Monitor Gamer Pichau 24"" Full HD cepheus F24M IPS 144HZ",R$ 1.100,Joinville -  SC,"Hoje, 08:07",https://sc.olx.com.br/norte-de-santa-catarina/computadores-e-acessorios/monitor-gamer-pichau-24-full-hd-cepheus-f24m-ips-144hz-1091450330,2022-10-01
1091450325,Samsung A02 impecável ,R$ 350,Rio de Janeiro -  RJ,"Hoje, 08:07",https://rj.olx.com.br/rio-de-janeiro-e-regiao/celulares/samsung-a02-impecavel-1091450325,2022-10-01
1091450323,Placa de vídeo RX 480 8gb,R$ 950,Manaus -  AM,"Hoje, 08:07",https://am.olx.com.br/regiao-de-manaus/computadores-e-acessorios/placa-de-video-rx-480-8gb-1091450323,2022-10-01
1091450318,Impressora de Fotos Digitais Kodak EasyShare PD3,R$ 200,São Paulo -  SP,"Hoje, 08:07",https://sp.olx.com.br/sao-paulo-e-regiao/audio-tv-video-e-fotografia/impressora-de-fotos-digitais-kodak-easyshare-pd3-1091450318,2022-10-01
1091450316,Tv samsung 50 funcionando perfeito .,R$ 1.700,Brasília -  DF,"Hoje, 08:07",https://df.olx.com.br/distrito-federal-e-regiao/audio-tv-video-e-fotografia/tv-samsung-50-funcionando-perfeito-1091450316,2022-10-01
1091450303,Alarme Residencial ou Comercial,"R$ 29012x de R$ 24,17",Fortaleza -  CE,"Hoje, 08:06",https://ce.olx.com.br/fortaleza-e-regiao/audio-tv-video-e-fotografia/alarme-residencial-ou-comercial-1091450303,2022-10-01
1055367836,"IPhone 12 64gb  , passo cartão em 18x ",R$ 3.550,Goiânia -  GO,"Hoje, 08:06",https://go.olx.com.br/grande-goiania-e-anapolis/celulares/iphone-12-64gb-passo-cartao-em-18x-1055367836,2022-10-01
1091450301,Suporte Base Com Cooler Para Notebook Leds Verdes,R$ 50,São José dos Pinhais -  PR,"Hoje, 08:06",https://pr.olx.com.br/regiao-de-curitiba-e-paranagua/computadores-e-acessorios/suporte-base-com-cooler-para-notebook-leds-verdes-1091450301,2022-10-01
1091450294,Vendo caregador iPhone turbo original ,"R$ 808x de R$ 10,00",Ananindeua -  PA,"Hoje, 08:06",https://pa.olx.com.br/regiao-de-belem/celulares/vendo-caregador-iphone-turbo-original-1091450294,2022-10-01
1091450292,Camera ip 360° wifi visão noturna uso interno e grava - promoção !!!,R$ 150,Praia Grande -  SP,"Hoje, 08:06",https://sp.olx.com.br/baixada-santista-e-litoral-sul/audio-tv-video-e-fotografia/camera-ip-360-wifi-visao-noturna-uso-interno-e-grava-promocao-1091450292,2022-10-01
851764648,Cadeira Gamer DarkFlash Preto/Laranja - RC-800 - Loja Fgtec Informática,R$ 2.091,Florianópolis -  SC,"Hoje, 08:06",https://sc.olx.com.br/florianopolis-e-regiao/computadores-e-acessorios/cadeira-gamer-darkflash-preto-laranja-rc-800-loja-fgtec-informatica-851764648,2022-10-01
1091450264,Novo - Smartwatch na caixa completo estilo apple watch.,R$ 80,São Luís -  MA,"Hoje, 08:06",https://ma.olx.com.br/regiao-de-sao-luis/celulares/novo-smartwatch-na-caixa-completo-estilo-apple-watch-1091450264,2022-10-01
1091450256,Câmera de Segurança Interna EzViz C1C 1MP Wi-Fi HD 720p Infravermelha SD até 256GB,R$ 200,Joinville -  SC,"Hoje, 08:06",https://sc.olx.com.br/norte-de-santa-catarina/audio-tv-video-e-fotografia/camera-de-seguranca-interna-ezviz-c1c-1mp-wi-fi-hd-720p-infravermelha-sd-ate-256gb-1091450256,2022-10-01
1091450250,Cabo tipo C,R$ 30,Governador Valadares -  MG,"Hoje, 08:06",https://mg.olx.com.br/regiao-de-governador-valadares-e-teofilo-otoni/celulares/cabo-tipo-c-1091450250,2022-10-01
1083257488,Monitor BenQ 240hz XL2540 -,"R$ 3.20012x de R$ 266,67",Brasília -  DF,"Hoje, 08:06",https://df.olx.com.br/distrito-federal-e-regiao/computadores-e-acessorios/monitor-benq-240hz-xl2540-1083257488,2022-10-01
1062243834,Dell XPS 13 2018 tudo funcionando 100%,"R$ 4.30012x de R$ 358,33",Maceió -  AL,"Hoje, 08:06",https://al.olx.com.br/alagoas/computadores-e-acessorios/dell-xps-13-2018-tudo-funcionando-100-1062243834,2022-10-01
1063598791,Notebook Lenovo Intel i3 i5 i7  Fhd 6ª 7ª 8ªg 4gb ddr4 240gb e 120Gbb Ssd Nvidia *Confira*,R$ 1.780,Curitiba -  PR,"Hoje, 08:06",https://pr.olx.com.br/regiao-de-curitiba-e-paranagua/computadores-e-acessorios/notebook-lenovo-intel-i3-i5-i7-fhd-6-7-8-g-4gb-ddr4-240gb-e-120gbb-ssd-nvidia-confira-1063598791,2022-10-01
1088867991,Xbox série S,R$ 1.799,Belém -  PA,"Hoje, 08:06",https://pa.olx.com.br/regiao-de-belem/videogames/xbox-serie-s-1088867991,2022-10-01
1091450233,Pendrive 32GB Guitarra Novo,R$ 32,Joinville -  SC,"Hoje, 08:05",https://sc.olx.com.br/norte-de-santa-catarina/computadores-e-acessorios/pendrive-32gb-guitarra-novo-1091450233,2022-10-01
1091450222,Vendo Iphone 11,R$ 2.700,Rio de Janeiro -  RJ,"Hoje, 08:05",https://rj.olx.com.br/rio-de-janeiro-e-regiao/celulares/vendo-iphone-11-1091450222,2022-10-01
1091450221,Cpu gamer I5 6ª geração (Lojas Nuvans),"R$ 1.60012x de R$ 133,33",São Luís -  MA,"Hoje, 08:05",https://ma.olx.com.br/regiao-de-sao-luis/computadores-e-acessorios/cpu-gamer-i5-6-geracao-lojas-nuvans-1091450221,2022-10-01
1056012090,"IPhone 12 64gb , 128gb / faça seu orçamento .. ",R$ 3.550,Goiânia -  GO,"Hoje, 08:05",https://go.olx.com.br/grande-goiania-e-anapolis/celulares/iphone-12-64gb-128gb-faca-seu-orcamento-1056012090,2022-10-01
1047104162,Macbook Pro i5 2.4GHz/SSD 480GB e 8GB Ram,"R$ 2.99012x de R$ 249,17",Belo Horizonte -  MG,"Hoje, 08:05",https://mg.olx.com.br/belo-horizonte-e-regiao/computadores-e-acessorios/macbook-pro-i5-2-4ghz-ssd-480gb-e-8gb-ram-1047104162,2022-10-01
1091450183,Cpu core 2 duo com 500 GB HD windows 7,R$ 230,Suzano -  SP,"Hoje, 08:05",https://sp.olx.com.br/sao-paulo-e-regiao/computadores-e-acessorios/cpu-core-2-duo-com-500-gb-hd-windows-7-1091450183,2022-10-01
1091450176,Computador cerelon,R$ 375,Maringá -  PR,"Hoje, 08:05",https://pr.olx.com.br/regiao-de-maringa/computadores-e-acessorios/computador-cerelon-1091450176,2022-10-01
1091450174,"S7 EDGE 128gb, 300,00#",R$ 300,Brasília -  DF,"Hoje, 08:05",https://df.olx.com.br/distrito-federal-e-regiao/celulares/s7-edge-128gb-300-00-1091450174,2022-10-01
1091450170,HD 1 TB Samsung ,R$ 100,Belém -  PA,"Hoje, 08:05",https://pa.olx.com.br/regiao-de-belem/computadores-e-acessorios/hd-1-tb-samsung-1091450170,2022-10-01
1091450163,Notebook HP - Core i3 10 geração - Memoria de 8gb - SSD de 240gb - Bateria ok - Zerado,R$ 2.299,Paulínia -  SP,"Hoje, 08:05",https://sp.olx.com.br/grande-campinas/computadores-e-acessorios/notebook-hp-core-i3-10-geracao-memoria-de-8gb-ssd-de-240gb-bateria-ok-zerado-1091450163,2022-10-01
1091450154,Vendo cooler universal novo e memória ddr3 com pouco tempo de uso.,R$ 120,Teresina -  PI,"Hoje, 08:05",https://pi.olx.com.br/regiao-de-teresina-e-parnaiba/computadores-e-acessorios/vendo-cooler-universal-novo-e-memoria-ddr3-com-pouco-tempo-de-uso-1091450154,2022-10-01
1091450149,V/T Xiaomi Note 7 64GB,R$ 600,Paço do Lumiar -  MA,"Hoje, 08:05",https://ma.olx.com.br/regiao-de-sao-luis/celulares/v-t-xiaomi-note-7-64gb-1091450149,2022-10-01
1087591479,iPhone 11,"R$ 2.80012x de R$ 233,33",Salvador -  BA,"Hoje, 08:05",https://ba.olx.com.br/grande-salvador/celulares/iphone-11-1087591479,2022-10-01
1088987088,Notebook Gamer Acer Nitro 5 Intel Core i5-10300H 16GB RAM GeForce GTX1650 4GB SSD 475GB ,"R$ 4.20012x de R$ 350,00",São Paulo -  SP,"Hoje, 08:05",https://sp.olx.com.br/sao-paulo-e-regiao/computadores-e-acessorios/notebook-gamer-acer-nitro-5-intel-core-i5-10300h-16gb-ram-geforce-gtx1650-4gb-ssd-475gb-1088987088,2022-10-01
1091450145,Lacrado Novo S20 FE 5G Nota e garantia 1 ano só aqui,R$ 1.719,Goiânia -  GO,"Hoje, 08:05",https://go.olx.com.br/grande-goiania-e-anapolis/celulares/lacrado-novo-s20-fe-5g-nota-e-garantia-1-ano-so-aqui-1091450145,2022-10-01
1047498280,PS4 FAT ,"R$ 2.00012x de R$ 166,67",São Paulo -  SP,"Hoje, 08:05",https://sp.olx.com.br/sao-paulo-e-regiao/videogames/ps4-fat-1047498280,2022-10-01
1091450139,FLYDIGI D1 SCORPION,R$ 400,Brasília -  DF,"Hoje, 08:04",https://df.olx.com.br/distrito-federal-e-regiao/computadores-e-acessorios/flydigi-d1-scorpion-1091450139,2022-10-01
1091450140,Telefone Intelbras ,R$ 30,Juiz de Fora -  MG,"Hoje, 08:04",https://mg.olx.com.br/regiao-de-juiz-de-fora/celulares/telefone-intelbras-1091450140,2022-10-01
1091450130,"SSD 120GB,240GB e 480GB - Frete Grátis + 6 meses de Garantia",R$ 100,João Pessoa -  PB,"Hoje, 08:04",https://pb.olx.com.br/paraiba/computadores-e-acessorios/ssd-120gb-240gb-e-480gb-frete-gratis-6-meses-de-garantia-1091450130,2022-10-01
1091450124,Mini Sistema Sony Gpx 77 para retirada de peças ,R$ 100,Paulista -  PE,"Hoje, 08:04",https://pe.olx.com.br/grande-recife/audio-tv-video-e-fotografia/mini-sistema-sony-gpx-77-para-retirada-de-pecas-1091450124,2022-10-01
1091450121,iPhone 11 tá td original só pegar chip digital ,R$ 1.800,Feira de Santana -  BA,"Hoje, 08:04",https://ba.olx.com.br/regiao-de-feira-de-santana-e-alagoinhas/celulares/iphone-11-ta-td-original-so-pegar-chip-digital-1091450121,2022-10-01
1091450123,"SSD 120GB,240GB e 480GB - Frete Grátis + 6 meses de Garantia",R$ 100,João Pessoa -  PB,"Hoje, 08:04",https://pb.olx.com.br/paraiba/computadores-e-acessorios/ssd-120gb-240gb-e-480gb-frete-gratis-6-meses-de-garantia-1091450123,2022-10-01
1091450116,"SSD 120GB,240GB e 480GB - Frete Grátis + 6 meses de Garantia",R$ 100,João Pessoa -  PB,"Hoje, 08:04",https://pb.olx.com.br/paraiba/computadores-e-acessorios/ssd-120gb-240gb-e-480gb-frete-gratis-6-meses-de-garantia-1091450116,2022-10-01
1091450112,Galaxy Watch4 (Usado) 44mm,R$ 1.200,Belém -  PA,"Hoje, 08:04",https://pa.olx.com.br/regiao-de-belem/celulares/galaxy-watch4-usado-44mm-1091450112,2022-10-01
1091450108,"SSD 120GB,240GB e 480GB - Frete Grátis + 6 meses de Garantia",R$ 100,João Pessoa -  PB,"Hoje, 08:04",https://pb.olx.com.br/paraiba/computadores-e-acessorios/ssd-120gb-240gb-e-480gb-frete-gratis-6-meses-de-garantia-1091450108,2022-10-01
1091450103,"Samsung Gaming Hub Smart TV 55"" Crystal UHD 4K BU8000, Modelo 2022, NOVA, Nota Fiscal",R$ 2.849,Brasília -  DF,"Hoje, 08:04",https://df.olx.com.br/distrito-federal-e-regiao/audio-tv-video-e-fotografia/samsung-gaming-hub-smart-tv-55-crystal-uhd-4k-bu8000-modelo-2022-nova-nota-fiscal-1091450103,2022-10-01
1091450105,Cabo tipo C ,R$ 30,Governador Valadares -  MG,"Hoje, 08:04",https://mg.olx.com.br/regiao-de-governador-valadares-e-teofilo-otoni/celulares/cabo-tipo-c-1091450105,2022-10-01
1091450100,"SSD 120GB,240GB e 480GB - Frete Grátis + 6 meses de Garantia",R$ 100,João Pessoa -  PB,"Hoje, 08:04",https://pb.olx.com.br/paraiba/computadores-e-acessorios/ssd-120gb-240gb-e-480gb-frete-gratis-6-meses-de-garantia-1091450100,2022-10-01
1091450099,Vendo um airpods pro com carregador na garantia apple,R$ 450,Mauá -  SP,"Hoje, 08:04",https://sp.olx.com.br/sao-paulo-e-regiao/celulares/vendo-um-airpods-pro-com-carregador-na-garantia-apple-1091450099,2022-10-01
1089568922,Tv Box Ultimas Peças - Novo,R$ 115,Brasília -  DF,"Hoje, 08:04",https://df.olx.com.br/distrito-federal-e-regiao/audio-tv-video-e-fotografia/tv-box-ultimas-pecas-novo-1089568922,2022-10-01
1088987088,Notebook Gamer Acer Nitro 5 Intel Core i5-10300H 16GB RAM GeForce GTX1650 4GB SSD 475GB ,"R$ 4.20012x de R$ 350,00",São Paulo -  SP,"Hoje, 08:05",https://sp.olx.com.br/sao-paulo-e-regiao/computadores-e-acessorios/notebook-gamer-acer-nitro-5-intel-core-i5-10300h-16gb-ram-geforce-gtx1650-4gb-ssd-475gb-1088987088,2022-10-01
1091450145,Lacrado Novo S20 FE 5G Nota e garantia 1 ano só aqui,R$ 1.719,Goiânia -  GO,"Hoje, 08:05",https://go.olx.com.br/grande-goiania-e-anapolis/celulares/lacrado-novo-s20-fe-5g-nota-e-garantia-1-ano-so-aqui-1091450145,2022-10-01
1047498280,PS4 FAT ,"R$ 2.00012x de R$ 166,67",São Paulo -  SP,"Hoje, 08:05",https://sp.olx.com.br/sao-paulo-e-regiao/videogames/ps4-fat-1047498280,2022-10-01
1091450139,FLYDIGI D1 SCORPION,R$ 400,Brasília -  DF,"Hoje, 08:04",https://df.olx.com.br/distrito-federal-e-regiao/computadores-e-acessorios/flydigi-d1-scorpion-1091450139,2022-10-01
1091450140,Telefone Intelbras ,R$ 30,Juiz de Fora -  MG,"Hoje, 08:04",https://mg.olx.com.br/regiao-de-juiz-de-fora/celulares/telefone-intelbras-1091450140,2022-10-01
1091450130,"SSD 120GB,240GB e 480GB - Frete Grátis + 6 meses de Garantia",R$ 100,João Pessoa -  PB,"Hoje, 08:04",https://pb.olx.com.br/paraiba/computadores-e-acessorios/ssd-120gb-240gb-e-480gb-frete-gratis-6-meses-de-garantia-1091450130,2022-10-01
1091450124,Mini Sistema Sony Gpx 77 para retirada de peças ,R$ 100,Paulista -  PE,"Hoje, 08:04",https://pe.olx.com.br/grande-recife/audio-tv-video-e-fotografia/mini-sistema-sony-gpx-77-para-retirada-de-pecas-1091450124,2022-10-01
1091450121,iPhone 11 tá td original só pegar chip digital ,R$ 1.800,Feira de Santana -  BA,"Hoje, 08:04",https://ba.olx.com.br/regiao-de-feira-de-santana-e-alagoinhas/celulares/iphone-11-ta-td-original-so-pegar-chip-digital-1091450121,2022-10-01
1091450123,"SSD 120GB,240GB e 480GB - Frete Grátis + 6 meses de Garantia",R$ 100,João Pessoa -  PB,"Hoje, 08:04",https://pb.olx.com.br/paraiba/computadores-e-acessorios/ssd-120gb-240gb-e-480gb-frete-gratis-6-meses-de-garantia-1091450123,2022-10-01
1091450116,"SSD 120GB,240GB e 480GB - Frete Grátis + 6 meses de Garantia",R$ 100,João Pessoa -  PB,"Hoje, 08:04",https://pb.olx.com.br/paraiba/computadores-e-acessorios/ssd-120gb-240gb-e-480gb-frete-gratis-6-meses-de-garantia-1091450116,2022-10-01
1091450112,Galaxy Watch4 (Usado) 44mm,R$ 1.200,Belém -  PA,"Hoje, 08:04",https://pa.olx.com.br/regiao-de-belem/celulares/galaxy-watch4-usado-44mm-1091450112,2022-10-01
1091450108,"SSD 120GB,240GB e 480GB - Frete Grátis + 6 meses de Garantia",R$ 100,João Pessoa -  PB,"Hoje, 08:04",https://pb.olx.com.br/paraiba/computadores-e-acessorios/ssd-120gb-240gb-e-480gb-frete-gratis-6-meses-de-garantia-1091450108,2022-10-01
1091450103,"Samsung Gaming Hub Smart TV 55"" Crystal UHD 4K BU8000, Modelo 2022, NOVA, Nota Fiscal",R$ 2.849,Brasília -  DF,"Hoje, 08:04",https://df.olx.com.br/distrito-federal-e-regiao/audio-tv-video-e-fotografia/samsung-gaming-hub-smart-tv-55-crystal-uhd-4k-bu8000-modelo-2022-nova-nota-fiscal-1091450103,2022-10-01
1091450105,Cabo tipo C ,R$ 30,Governador Valadares -  MG,"Hoje, 08:04",https://mg.olx.com.br/regiao-de-governador-valadares-e-teofilo-otoni/celulares/cabo-tipo-c-1091450105,2022-10-01
1091450100,"SSD 120GB,240GB e 480GB - Frete Grátis + 6 meses de Garantia",R$ 100,João Pessoa -  PB,"Hoje, 08:04",https://pb.olx.com.br/paraiba/computadores-e-acessorios/ssd-120gb-240gb-e-480gb-frete-gratis-6-meses-de-garantia-1091450100,2022-10-01
1091450099,Vendo um airpods pro com carregador na garantia apple,R$ 450,Mauá -  SP,"Hoje, 08:04",https://sp.olx.com.br/sao-paulo-e-regiao/celulares/vendo-um-airpods-pro-com-carregador-na-garantia-apple-1091450099,2022-10-01
1089568922,Tv Box Ultimas Peças - Novo,R$ 115,Brasília -  DF,"Hoje, 08:04",https://df.olx.com.br/distrito-federal-e-regiao/audio-tv-video-e-fotografia/tv-box-ultimas-pecas-novo-1089568922,2022-10-01
1091450092,"SSD 120GB,240GB e 480GB - Frete Grátis + 6 meses de Garantia",R$ 100,João Pessoa -  PB,"Hoje, 08:04",https://pb.olx.com.br/paraiba/computadores-e-acessorios/ssd-120gb-240gb-e-480gb-frete-gratis-6-meses-de-garantia-1091450092,2022-10-01
1091450087,Notebook delk i5 ssd 120gb  +600gb  ,R$ 1.000,Mogi das Cruzes -  SP,"Hoje, 08:04",https://sp.olx.com.br/sao-paulo-e-regiao/computadores-e-acessorios/notebook-delk-i5-ssd-120gb-600gb-1091450087,2022-10-01
1091450088,"SSD 120GB,240GB e 480GB - Frete Grátis + 6 meses de Garantia",R$ 100,João Pessoa -  PB,"Hoje, 08:04",https://pb.olx.com.br/paraiba/computadores-e-acessorios/ssd-120gb-240gb-e-480gb-frete-gratis-6-meses-de-garantia-1091450088,2022-10-01
1091450083,alexa eco dot ,R$ 279,Serra -  ES,"Hoje, 08:04",https://es.olx.com.br/norte-do-espirito-santo/audio-tv-video-e-fotografia/alexa-eco-dot-1091450083,2022-10-01
1091450081,"SSD 120GB,240GB e 480GB - Frete Grátis + 6 meses de Garantia",R$ 100,João Pessoa -  PB,"Hoje, 08:04",https://pb.olx.com.br/paraiba/computadores-e-acessorios/ssd-120gb-240gb-e-480gb-frete-gratis-6-meses-de-garantia-1091450081,2022-10-01
1091450074,Vende dois auto falantes Selenium JBL zero ,"R$ 757x de R$ 10,71",São José do Rio Preto -  SP,"Hoje, 08:04",https://sp.olx.com.br/regiao-de-sao-jose-do-rio-preto/audio-tv-video-e-fotografia/vende-dois-auto-falantes-selenium-jbl-zero-1091450074,2022-10-01
1091450072,"SSD 120GB,240GB e 480GB - Frete Grátis + 6 meses de Garantia",R$ 100,João Pessoa -  PB,"Hoje, 08:04",https://pb.olx.com.br/paraiba/computadores-e-acessorios/ssd-120gb-240gb-e-480gb-frete-gratis-6-meses-de-garantia-1091450072,2022-10-01
1091450064,Mochila notebook noteship ,R$ 100,Joinville -  SC,"Hoje, 08:04",https://sc.olx.com.br/norte-de-santa-catarina/computadores-e-acessorios/mochila-notebook-noteship-1091450064,2022-10-01
1091450063,"iPad 4 16gb ""leia o anúncio""","R$ 22012x de R$ 18,33",Maringá -  PR,"Hoje, 08:04",https://pr.olx.com.br/regiao-de-maringa/computadores-e-acessorios/ipad-4-16gb-leia-o-anuncio-1091450063,2022-10-01
1091450061,Iphone XR Novo de vitrine ,"R$ 2.20012x de R$ 183,33",São Luís -  MA,"Hoje, 08:04",https://ma.olx.com.br/regiao-de-sao-luis/celulares/iphone-xr-novo-de-vitrine-1091450061,2022-10-01
1091450058,"SSD 120GB,240GB e 480GB - Frete Grátis + 6 meses de Garantia",R$ 100,João Pessoa -  PB,"Hoje, 08:04",https://pb.olx.com.br/paraiba/computadores-e-acessorios/ssd-120gb-240gb-e-480gb-frete-gratis-6-meses-de-garantia-1091450058,2022-10-01
1091450055,Celular Xiaomi Redmi 10 pouco uso,"R$ 1.20012x de R$ 100,00",Rio de Janeiro -  RJ,"Hoje, 08:04",https://rj.olx.com.br/rio-de-janeiro-e-regiao/celulares/celular-xiaomi-redmi-10-pouco-uso-1091450055,2022-10-01
1091450050,"Notebook Lenovo Com SSD, Barato, Intel DualCore, 4GB, 128Gb SSD, Tela15, 3H Bat, Win10",R$ 899,Ribeirão Preto -  SP,"Hoje, 08:04",https://sp.olx.com.br/regiao-de-ribeirao-preto/computadores-e-acessorios/notebook-lenovo-com-ssd-barato-intel-dualcore-4gb-128gb-ssd-tela15-3h-bat-win10-1091450050,2022-10-01
1086708462,Macbook Air M1. Mem. 8 GB. SSD 256 GB. Estado de Novo. Até 12 x no Cartão,R$ 5.798,Curitiba -  PR,"Hoje, 08:04",https://pr.olx.com.br/regiao-de-curitiba-e-paranagua/computadores-e-acessorios/macbook-air-m1-mem-8-gb-ssd-256-gb-estado-de-novo-ate-12-x-no-cartao-1086708462,2022-10-01
1091450036,Video Cassete Mitsubishi Hs-x100 Raridade Em Estado De Novo,R$ 100,São Paulo -  SP,"Hoje, 08:03",https://sp.olx.com.br/sao-paulo-e-regiao/audio-tv-video-e-fotografia/video-cassete-mitsubishi-hs-x100-raridade-em-estado-de-novo-1091450036,2022-10-01
1091450034,Processador i3 7100 3.9ghz,R$ 350,Teresina -  PI,"Hoje, 08:03",https://pi.olx.com.br/regiao-de-teresina-e-parnaiba/computadores-e-acessorios/processador-i3-7100-3-9ghz-1091450034,2022-10-01
1091450032,Carregador oportunidade para  vender.,R$ 550,São Paulo -  SP,"Hoje, 08:03",https://sp.olx.com.br/sao-paulo-e-regiao/celulares/carregador-oportunidade-para-vender-1091450032,2022-10-01
1091450026,Vendo IPhone 11 64GB Semi novo ,R$ 2.599,Uberlândia -  MG,"Hoje, 08:03",https://mg.olx.com.br/regiao-de-uberlandia-e-uberaba/celulares/vendo-iphone-11-64gb-semi-novo-1091450026,2022-10-01
1091450020,Notebook Samsung ,R$ 365,Boa Vista -  RR,"Hoje, 08:03",https://rr.olx.com.br/roraima/computadores-e-acessorios/notebook-samsung-1091450020,2022-10-01
1091450016,Mini PC Lenovo i3 9ª Geração,"R$ 1.30012x de R$ 108,33",Maringá -  PR,"Hoje, 08:03",https://pr.olx.com.br/regiao-de-maringa/computadores-e-acessorios/mini-pc-lenovo-i3-9-geracao-1091450016,2022-10-01
1091450009,Lenovo Livepods LP1 ,R$ 90,Brasília -  DF,"Hoje, 08:03",https://df.olx.com.br/distrito-federal-e-regiao/audio-tv-video-e-fotografia/lenovo-livepods-lp1-1091450009,2022-10-01
1091450008,Caixa Bob residencial ,"R$ 60012x de R$ 50,00",Cachoeiro de Itapemirim -  ES,"Hoje, 08:03",https://es.olx.com.br/sul-do-espirito-santo/audio-tv-video-e-fotografia/caixa-bob-residencial-1091450008,2022-10-01
1091450000,Tv Box 4k Transforma Tv Em Smart 64gb Ram + 512gb room - promoção !!!,R$ 150,Praia Grande -  SP,"Hoje, 08:03",https://sp.olx.com.br/baixada-santista-e-litoral-sul/audio-tv-video-e-fotografia/tv-box-4k-transforma-tv-em-smart-64gb-ram-512gb-room-promocao-1091450000,2022-10-01
1088286823,Placa de Vídeo Radeon Amd RX 6700 XT 12gb Sapphire Nitro+,"R$ 3.10012x de R$ 258,33",Ribeirão Preto -  SP,"Hoje, 08:03",https://sp.olx.com.br/regiao-de-ribeirao-preto/computadores-e-acessorios/placa-de-video-radeon-amd-rx-6700-xt-12gb-sapphire-nitro-1088286823,2022-10-01
1091449995,"PC Gamer c/ Ryzen 5 56OO + RTX 2O6O 6GB, Novo c/ Garantia!",R$ 5.499,Bauru -  SP,"Hoje, 08:03",https://sp.olx.com.br/regiao-de-bauru-e-marilia/computadores-e-acessorios/pc-gamer-c-ryzen-5-56oo-rtx-2o6o-6gb-novo-c-garantia-1091449995,2022-10-01
1091449989,Iphone 11 128 gb preto,"R$ 2.89912x de R$ 241,58",Itapema -  SC,"Hoje, 08:03",https://sc.olx.com.br/norte-de-santa-catarina/celulares/iphone-11-128-gb-preto-1091449989,2022-10-01
1091449973,Motorola one,"R$ 30012x de R$ 25,00",Palmas -  TO,"Hoje, 08:03",https://to.olx.com.br/tocantins/celulares/motorola-one-1091449973,2022-10-01
1091449970,Tv TCL 32 polegadas smart ,R$ 800,Rio de Janeiro -  RJ,"Hoje, 08:03",https://rj.olx.com.br/rio-de-janeiro-e-regiao/audio-tv-video-e-fotografia/tv-tcl-32-polegadas-smart-1091449970,2022-10-01
1091449959,Game cube europeu,R$ 650,Joinville -  SC,"Hoje, 08:03",https://sc.olx.com.br/norte-de-santa-catarina/videogames/game-cube-europeu-1091449959,2022-10-01
1091449958,CCE ultra thim,R$ 420,Maceió -  AL,"Hoje, 08:03",https://al.olx.com.br/alagoas/computadores-e-acessorios/cce-ultra-thim-1091449958,2022-10-01
1091449957,Iphone 6 128GB,R$ 300,Praia Grande -  SP,"Hoje, 08:03",https://sp.olx.com.br/baixada-santista-e-litoral-sul/celulares/iphone-6-128gb-1091449957,2022-10-01
1091449948,Frete bau promoção 37i2vu,R$ 1,Manaus -  AM,"Hoje, 08:03",https://am.olx.com.br/regiao-de-manaus/audio-tv-video-e-fotografia/frete-bau-promocao-37i2vu-1091449948,2022-10-01
1091449941,"Alto Falantes 12p"" 350w RMS  ""4ohms""",R$ 219,São Vicente -  SP,"Hoje, 08:03",https://sp.olx.com.br/baixada-santista-e-litoral-sul/audio-tv-video-e-fotografia/alto-falantes-12p-350w-rms-4ohms-1091449941,2022-10-01
1081277497,Notebook Dell i5 promoção imperdível ,"R$ 1.45012x de R$ 120,83",Ribeirão Preto -  SP,"Hoje, 08:02",https://sp.olx.com.br/regiao-de-ribeirao-preto/computadores-e-acessorios/notebook-dell-i5-promocao-imperdivel-1081277497,2022-10-01
1091449936,Samsung A01 core azul novo lacrado,"R$ 53912x de R$ 44,92",João Pessoa -  PB,"Hoje, 08:02",https://pb.olx.com.br/paraiba/celulares/samsung-a01-core-azul-novo-lacrado-1091449936,2022-10-01
1091449935,Celular com defeito!!,R$ 180,Curitiba -  PR,"Hoje, 08:02",https://pr.olx.com.br/regiao-de-curitiba-e-paranagua/celulares/celular-com-defeito-1091449935,2022-10-01
1091449932,Magic Keyboard - 12 Meses de Garantia Apple - Loja Física ,R$ 799,Curitiba -  PR,"Hoje, 08:02",https://pr.olx.com.br/regiao-de-curitiba-e-paranagua/computadores-e-acessorios/magic-keyboard-12-meses-de-garantia-apple-loja-fisica-1091449932,2022-10-01
1091449928,Pedal Thrustmaster Tpr Pendular Rudder Original P/ Entrega,"R$ 3.20012x de R$ 266,67",Salvador -  BA,"Hoje, 08:02",https://ba.olx.com.br/grande-salvador/videogames/pedal-thrustmaster-tpr-pendular-rudder-original-p-entrega-1091449928,2022-10-01
1091449914,"PC Gamer c/ i5-1O4OO + GeForce RTX 2O6O 6GB, Novo c/ Garantia!",R$ 5.499,Bauru -  SP,"Hoje, 08:02",https://sp.olx.com.br/regiao-de-bauru-e-marilia/computadores-e-acessorios/pc-gamer-c-i5-1o4oo-geforce-rtx-2o6o-6gb-novo-c-garantia-1091449914,2022-10-01
1091449910,IPHONE 12 PRO MAX 128G ( VENDA OU TROCA ) PETRÓPOLIS ,R$ 5.300,Petrópolis -  RJ,"Hoje, 08:02",https://rj.olx.com.br/serra-angra-dos-reis-e-regiao/celulares/iphone-12-pro-max-128g-venda-ou-troca-petropolis-1091449910,2022-10-01
1091449911,Rádio Px Cobra 25 LX,R$ 800,São Paulo -  SP,"Hoje, 08:02",https://sp.olx.com.br/sao-paulo-e-regiao/audio-tv-video-e-fotografia/radio-px-cobra-25-lx-1091449911,2022-10-01
1091449899,Iphone xr preto 64GB muito muito novo,R$ 1.899,São José do Rio Preto -  SP,"Hoje, 08:02",https://sp.olx.com.br/regiao-de-sao-jose-do-rio-preto/celulares/iphone-xr-preto-64gb-muito-muito-novo-1091449899,2022-10-01
1091449882,COMPUTADOR COMPLETO QUAD CORE.,R$ 650,Aracaju -  SE,"Hoje, 08:02",https://se.olx.com.br/sergipe/computadores-e-acessorios/computador-completo-quad-core-1091449882,2022-10-01
1091449885,Venda ,"R$ 2.35012x de R$ 195,83",Salvador -  BA,"Hoje, 08:02",https://ba.olx.com.br/grande-salvador/audio-tv-video-e-fotografia/venda-1091449885,2022-10-01
1091449874,Celular xiaomi 6 64 gigas 3 RAM zero,R$ 550,Sorocaba -  SP,"Hoje, 08:02",https://sp.olx.com.br/regiao-de-sorocaba/celulares/celular-xiaomi-6-64-gigas-3-ram-zero-1091449874,2022-10-01
1091449854,cabo iphone original ,R$ 50,Ribeirão das Neves -  MG,"Hoje, 08:02",https://mg.olx.com.br/belo-horizonte-e-regiao/celulares/cabo-iphone-original-1091449854,2022-10-01
1091449851,TV Philco 55? PRA VENDER LOGO ,"R$ 1.99012x de R$ 165,83",Parnamirim -  RN,"Hoje, 08:01",https://rn.olx.com.br/rio-grande-do-norte/audio-tv-video-e-fotografia/tv-philco-55-pra-vender-logo-1091449851,2022-10-01
1091359464,iPhone 12 Pro Max 128Gb Azul Pacífico ,"R$ 5.65012x de R$ 470,83",Alagoa Grande -  PB,"Hoje, 08:01",https://pb.olx.com.br/paraiba/celulares/iphone-12-pro-max-128gb-azul-pacifico-1091359464,2022-10-01
1091449842,Xbox series x 1 tera novo lacrado / pego ps4 como parte pagamento ,R$ 3.900,Cariacica -  ES,"Hoje, 08:01",https://es.olx.com.br/norte-do-espirito-santo/videogames/xbox-series-x-1-tera-novo-lacrado-pego-ps4-como-parte-pagamento-1091449842,2022-10-01
1091449833,Poco X4 PRO 6gbRAM 128gb (3 meses de garantia),R$ 1.990,São José de Ribamar -  MA,"Hoje, 08:01",https://ma.olx.com.br/regiao-de-sao-luis/audio-tv-video-e-fotografia/poco-x4-pro-6gbram-128gb-3-meses-de-garantia-1091449833,2022-10-01
1091449835,"PC Gamer c/ Intel i3-10100F + RTX 2060 6GB, Novo c/ Garantia!",R$ 4.999,Bauru -  SP,"Hoje, 08:01",https://sp.olx.com.br/regiao-de-bauru-e-marilia/computadores-e-acessorios/pc-gamer-c-intel-i3-10100f-rtx-2060-6gb-novo-c-garantia-1091449835,2022-10-01
1091449828,Placa de vídeo,R$ 400,Duque de Caxias -  RJ,"Hoje, 08:01",https://rj.olx.com.br/rio-de-janeiro-e-regiao/computadores-e-acessorios/placa-de-video-1091449828,2022-10-01
1091449822,Notebook Lenovo Gamer - Core i5 8 geração - Memoria de 12gb - SSD de 120gb + HD - Geforce ,R$ 2.799,Paulínia -  SP,"Hoje, 08:01",https://sp.olx.com.br/grande-campinas/computadores-e-acessorios/notebook-lenovo-gamer-core-i5-8-geracao-memoria-de-12gb-ssd-de-120gb-hd-geforce-1091449822,2022-10-01
1091449819,MacBook Air M1 256ssd 8Gb ram - 12 Meses de Garantia Apple - Loja Física ,R$ 6.299,Curitiba -  PR,"Hoje, 08:01",https://pr.olx.com.br/regiao-de-curitiba-e-paranagua/computadores-e-acessorios/macbook-air-m1-256ssd-8gb-ram-12-meses-de-garantia-apple-loja-fisica-1091449819,2022-10-01
1091449815,Vendo 2 HDs usados para notebook da samsung,R$ 120,Teresina -  PI,"Hoje, 08:01",https://pi.olx.com.br/regiao-de-teresina-e-parnaiba/computadores-e-acessorios/vendo-2-hds-usados-para-notebook-da-samsung-1091449815,2022-10-01
1080991817,Notebook Dell 15' - Intel i5 - 8GB - 256 SSD -1TB HD,"R$ 1.89912x de R$ 158,25",Brasília -  DF,"Hoje, 08:01",https://df.olx.com.br/distrito-federal-e-regiao/computadores-e-acessorios/notebook-dell-15-intel-i5-8gb-256-ssd-1tb-hd-1080991817,2022-10-01
1089086770,Notebook Gamer Avell A52 LIV 16GB Ram / GTX 1650TI ,R$ 4.000,Salvador -  BA,"Hoje, 08:01",https://ba.olx.com.br/grande-salvador/computadores-e-acessorios/notebook-gamer-avell-a52-liv-16gb-ram-gtx-1650ti-1089086770,2022-10-01
1089301412,"GoPro Hero Black 10 Nova, Com Acessórios, Duas Baterias, Nota Fiscal e Garantia",R$ 3.250,Belo Horizonte -  MG,"Hoje, 08:01",https://mg.olx.com.br/belo-horizonte-e-regiao/audio-tv-video-e-fotografia/gopro-hero-black-10-nova-com-acessorios-duas-baterias-nota-fiscal-e-garantia-1089301412,2022-10-01
1091449795,"Suporte para notebook, com ventoinha e led azul",R$ 40,Niterói -  RJ,"Hoje, 08:01",https://rj.olx.com.br/rio-de-janeiro-e-regiao/computadores-e-acessorios/suporte-para-notebook-com-ventoinha-e-led-azul-1091449795,2022-10-01
1091449779,SSD Kingspec 256GB Sata 3 Original Lacrado ,R$ 200,João Pessoa -  PB,"Hoje, 08:01",https://pb.olx.com.br/paraiba/computadores-e-acessorios/ssd-kingspec-256gb-sata-3-original-lacrado-1091449779,2022-10-01
1091449782,Ryzen 7 5800x,R$ 1.900,Betim -  MG,"Hoje, 08:01",https://mg.olx.com.br/belo-horizonte-e-regiao/computadores-e-acessorios/ryzen-7-5800x-1091449782,2022-10-01
1091449770,"TV Sony Bravia 45"" polegadas","R$ 80012x de R$ 66,67",Goiânia -  GO,"Hoje, 08:01",https://go.olx.com.br/grande-goiania-e-anapolis/audio-tv-video-e-fotografia/tv-sony-bravia-45-polegadas-1091449770,2022-10-01
1073079520,Mc Mini Mid 2011 HD Upgrade para 1TB,R$ 2.550,Florianópolis -  SC,"Hoje, 08:00",https://sc.olx.com.br/florianopolis-e-regiao/computadores-e-acessorios/mc-mini-mid-2011-hd-upgrade-para-1tb-1073079520,2022-10-01
1091449755,"PC Gamer c/ Intel de 10ª Geração + GTX 1650 4GB, Novo c/ Garantia!",R$ 4.499,Bauru -  SP,"Hoje, 08:00",https://sp.olx.com.br/regiao-de-bauru-e-marilia/computadores-e-acessorios/pc-gamer-c-intel-de-10-geracao-gtx-1650-4gb-novo-c-garantia-1091449755,2022-10-01
1091449754,"PC Gamer c/ Ryzen 5 5600 + GTX 1650 4GB, Novo c/ Garantia!",R$ 4.999,Bauru -  SP,"Hoje, 08:00",https://sp.olx.com.br/regiao-de-bauru-e-marilia/computadores-e-acessorios/pc-gamer-c-ryzen-5-5600-gtx-1650-4gb-novo-c-garantia-1091449754,2022-10-01
1090451910,Samsung Galaxy Buds 2 - novo(na caixa),R$ 350,Natal -  RN,"Hoje, 08:00",https://rn.olx.com.br/rio-grande-do-norte/audio-tv-video-e-fotografia/samsung-galaxy-buds-2-novo-na-caixa-1090451910,2022-10-01
1091449743,Fone Beats Solo3 - Novíssimo - pouco usado ,R$ 950,Brasília -  DF,"Hoje, 08:00",https://df.olx.com.br/distrito-federal-e-regiao/audio-tv-video-e-fotografia/fone-beats-solo3-novissimo-pouco-usado-1091449743,2022-10-01
1091449744,MOTO G,"R$ 10010x de R$ 10,00",São Luís -  MA,"Hoje, 08:00",https://ma.olx.com.br/regiao-de-sao-luis/celulares/moto-g-1091449744,2022-10-01
1091449716,Parafusadeira bosh,R$ 350,Bauru -  SP,"Hoje, 08:00",https://sp.olx.com.br/regiao-de-bauru-e-marilia/computadores-e-acessorios/parafusadeira-bosh-1091449716,2022-10-01
1091449714,Vendo Som completo ,R$ 3.500,Aracaju -  SE,"Hoje, 08:00",https://se.olx.com.br/sergipe/audio-tv-video-e-fotografia/vendo-som-completo-1091449714,2022-10-01
1091449709,Caixinha de som JBL GO3 (PROMOÇÃO),R$ 80,Aracaju -  SE,"Hoje, 08:00",https://se.olx.com.br/sergipe/audio-tv-video-e-fotografia/caixinha-de-som-jbl-go3-promocao-1091449709,2022-10-01
1091449702,Tv sony bravia kdl 32ex405 com defeito,R$ 400,Vitória -  ES,"Hoje, 08:00",https://es.olx.com.br/norte-do-espirito-santo/audio-tv-video-e-fotografia/tv-sony-bravia-kdl-32ex405-com-defeito-1091449702,2022-10-01
1091449647,iPhone 7 128gb ,R$ 890.000,Salvador -  BA,"Hoje, 08:00",https://ba.olx.com.br/grande-salvador/celulares/iphone-7-128gb-1091449647,2022-10-01
1091449651,Pc gamer ,R$ 2.750.000,Cabo Frio -  RJ,"Hoje, 08:00",https://rj.olx.com.br/norte-do-estado-do-rio/computadores-e-acessorios/pc-gamer-1091449651,2022-10-01
1091449652,Tv Samsung 43 p,R$ 33.333.333,Goiânia -  GO,"Hoje, 08:00",https://go.olx.com.br/grande-goiania-e-anapolis/audio-tv-video-e-fotografia/tv-samsung-43-p-1091449652,2022-10-01
1091449653,IPHONE XS 64 GB,R$ 2.000.000,Amarante do Maranhão -  MA,"Hoje, 08:00",https://ma.olx.com.br/regiao-de-imperatriz-e-caxias/celulares/iphone-xs-64-gb-1091449653,2022-10-01
1091449655,O mais novo da cidade ,R$ 32.000,João Pessoa -  PB,"Hoje, 08:00",https://pb.olx.com.br/paraiba/celulares/o-mais-novo-da-cidade-1091449655,2022-10-01
1091449678,PC GAMER PROFISSIONAL ,R$ 15.000,Goiânia -  GO,"Hoje, 08:00",https://go.olx.com.br/grande-goiania-e-anapolis/computadores-e-acessorios/pc-gamer-profissional-1091449678,2022-10-01
1091449679,Gol G5 2010,R$ 16.000,Santarém -  PA,"Hoje, 08:00",https://pa.olx.com.br/regiao-de-santarem/celulares/gol-g5-2010-1091449679,2022-10-01
1091449681,Iphone 14 Pro Max 128GB ,R$ 9.000,Belo Horizonte -  MG,"Hoje, 08:00",https://mg.olx.com.br/belo-horizonte-e-regiao/celulares/iphone-14-pro-max-128gb-1091449681,2022-10-01
1091449686,Gol G5  2010,R$ 16.000,Santarém -  PA,"Hoje, 08:00",https://pa.olx.com.br/regiao-de-santarem/celulares/gol-g5-2010-1091449686,2022-10-01
1091449693,JBL BOOMBOX 1,R$ 1.500.000,Belém -  PA,"Hoje, 08:00",https://pa.olx.com.br/regiao-de-belem/audio-tv-video-e-fotografia/jbl-boombox-1-1091449693,2022-10-01
1091449695,IPHONE 14 PRO MAX 128GB ,R$ 10.999,Brasília -  DF,"Hoje, 08:00",https://df.olx.com.br/distrito-federal-e-regiao/celulares/iphone-14-pro-max-128gb-1091449695,2022-10-01
1091449693,JBL BOOMBOX 1,R$ 1.500.000,Belém -  PA,"Hoje, 08:00",https://pa.olx.com.br/regiao-de-belem/audio-tv-video-e-fotografia/jbl-boombox-1-1091449693,2022-10-01
1091449695,IPHONE 14 PRO MAX 128GB ,R$ 10.999,Brasília -  DF,"Hoje, 08:00",https://df.olx.com.br/distrito-federal-e-regiao/celulares/iphone-14-pro-max-128gb-1091449695,2022-10-01
1091449645,"Iphone 11 pro max , semi novo","R$ 3.20012x de R$ 266,67",Belém -  PA,"Hoje, 08:00",https://pa.olx.com.br/regiao-de-belem/celulares/iphone-11-pro-max-semi-novo-1091449645,2022-10-01
1091449644,Iphone 8 plus,R$ 1.300,Salvador -  BA,"Hoje, 08:00",https://ba.olx.com.br/grande-salvador/celulares/iphone-8-plus-1091449644,2022-10-01
1091449637,Nintendo Switch lite ,R$ 800,Porto Alegre -  RS,"Hoje, 08:00",https://rs.olx.com.br/regioes-de-porto-alegre-torres-e-santa-cruz-do-sul/videogames/nintendo-switch-lite-1091449637,2022-10-01
1091449638,Apple Watch series 8 45mm Preto - 12 Meses de Garantia Apple - Loja Física ,R$ 3.799,Curitiba -  PR,"Hoje, 08:00",https://pr.olx.com.br/regiao-de-curitiba-e-paranagua/celulares/apple-watch-series-8-45mm-preto-12-meses-de-garantia-apple-loja-fisica-1091449638,2022-10-01
1091449630,Rádio pequeno ,R$ 80,Duque de Caxias -  RJ,"Hoje, 08:00",https://rj.olx.com.br/rio-de-janeiro-e-regiao/audio-tv-video-e-fotografia/radio-pequeno-1091449630,2022-10-01
1091449631,Tv de tubo 29 polegadas ,"R$ 707x de R$ 10,00",Ananindeua -  PA,"Hoje, 08:00",https://pa.olx.com.br/regiao-de-belem/audio-tv-video-e-fotografia/tv-de-tubo-29-polegadas-1091449631,2022-10-01
1091449623,SSD Kingspec 256GB Sata 3 Original Lacrado ,R$ 200,João Pessoa -  PB,"Hoje, 08:00",https://pb.olx.com.br/paraiba/computadores-e-acessorios/ssd-kingspec-256gb-sata-3-original-lacrado-1091449623,2022-10-01
1089570385,Smartv Sansumg 75? + Home Theater Sansumg 4.1 ,R$ 2.500,Florianópolis -  SC,"Hoje, 08:00",https://sc.olx.com.br/florianopolis-e-regiao/audio-tv-video-e-fotografia/smartv-sansumg-75-home-theater-sansumg-4-1-1089570385,2022-10-01
1091449616,iPhone 11 64GB Branco,R$ 3.000,Belém -  PA,"Hoje, 08:00",https://pa.olx.com.br/regiao-de-belem/celulares/iphone-11-64gb-branco-1091449616,2022-10-01
1091449617,LG K41s perfeito estado ,R$ 440,Cabo Frio -  RJ,"Hoje, 08:00",https://rj.olx.com.br/norte-do-estado-do-rio/celulares/lg-k41s-perfeito-estado-1091449617,2022-10-01
1091449608,Iphone XR 64gb Seminovo (3 meses de garantia),R$ 2.190,São José de Ribamar -  MA,"Hoje, 08:00",https://ma.olx.com.br/regiao-de-sao-luis/audio-tv-video-e-fotografia/iphone-xr-64gb-seminovo-3-meses-de-garantia-1091449608,2022-10-01
1091449609,iPhone 14 128Gb - 12 Meses de Garantia Apple - Loja Física ,R$ 6.699,Curitiba -  PR,"Hoje, 08:00",https://pr.olx.com.br/regiao-de-curitiba-e-paranagua/celulares/iphone-14-128gb-12-meses-de-garantia-apple-loja-fisica-1091449609,2022-10-01
1091449308,iPhone XR 64gb - Mostruário ,R$ 1.999,Americana -  SP,"Hoje, 08:00",https://sp.olx.com.br/grande-campinas/celulares/iphone-xr-64gb-mostruario-1091449308,2022-10-01
1091449309,Frete Frete,R$ 100,Fortaleza -  CE,"Hoje, 08:00",https://ce.olx.com.br/fortaleza-e-regiao/audio-tv-video-e-fotografia/frete-frete-1091449309,2022-10-01
1091449332,SAMSUNG A03S,R$ 700,Boa Vista -  RR,"Hoje, 08:00",https://rr.olx.com.br/roraima/celulares/samsung-a03s-1091449332,2022-10-01
1091449340,Frete,,Maceió -  AL,"Hoje, 08:00",https://al.olx.com.br/alagoas/videogames/frete-1091449340,2022-10-01
1091449342,Controle ps4 PlayStation ,"R$ 16912x de R$ 14,08",Uberlândia -  MG,"Hoje, 08:00",https://mg.olx.com.br/regiao-de-uberlandia-e-uberaba/videogames/controle-ps4-playstation-1091449342,2022-10-01
1091449345,IPHONE 11,R$ 3.500,Boa Vista -  RR,"Hoje, 08:00",https://rr.olx.com.br/roraima/celulares/iphone-11-1091449345,2022-10-01
1091449347,Fifa 21 para PS4,R$ 70,Rio de Janeiro -  RJ,"Hoje, 08:00",https://rj.olx.com.br/rio-de-janeiro-e-regiao/videogames/fifa-21-para-ps4-1091449347,2022-10-01
1091449352,Roteador Huawei AX3 Pro Quad,R$ 250,Rio de Janeiro -  RJ,"Hoje, 08:00",https://rj.olx.com.br/rio-de-janeiro-e-regiao/computadores-e-acessorios/roteador-huawei-ax3-pro-quad-1091449352,2022-10-01
1091449365,Memória 2x8 gb 3200 MHz RBG nova e com garantia ,R$ 200,São Luís -  MA,"Hoje, 08:00",https://ma.olx.com.br/regiao-de-sao-luis/computadores-e-acessorios/memoria-2x8-gb-3200-mhz-rbg-nova-e-com-garantia-1091449365,2022-10-01
1091449405,Iphone 11 64gb Seminovo (3 meses de garantia),R$ 2.690,São José de Ribamar -  MA,"Hoje, 08:00",https://ma.olx.com.br/regiao-de-sao-luis/audio-tv-video-e-fotografia/iphone-11-64gb-seminovo-3-meses-de-garantia-1091449405,2022-10-01
1091449418,Desentupidora Desentupimento com atendimento imediato g.2y+t,R$ 1,São Luís -  MA,"Hoje, 08:00",https://ma.olx.com.br/regiao-de-sao-luis/audio-tv-video-e-fotografia/desentupidora-desentupimento-com-atendimento-imediato-g-2y-t-1091449418,2022-10-01
1091449420,SSD Kingston 240 Gb,R$ 80,Sete Lagoas -  MG,"Hoje, 08:00",https://mg.olx.com.br/belo-horizonte-e-regiao/computadores-e-acessorios/ssd-kingston-240-gb-1091449420,2022-10-01
1091449429,"Manete PS4 - controle DualShock 4, novo com garantia-BRANCA",R$ 199,Contagem -  MG,"Hoje, 08:00",https://mg.olx.com.br/belo-horizonte-e-regiao/videogames/manete-ps4-controle-dualshock-4-novo-com-garantia-branca-1091449429,2022-10-01
1091449440,A20s,R$ 600,Boa Vista -  RR,"Hoje, 08:00",https://rr.olx.com.br/roraima/celulares/a20s-1091449440,2022-10-01
1091449446,Limpeza profissional em estofados ,,Recife -  PE,"Hoje, 08:00",https://pe.olx.com.br/grande-recife/videogames/limpeza-profissional-em-estofados-1091449446,2022-10-01
1091449470,Frete,,Brasília -  DF,"Hoje, 08:00",https://df.olx.com.br/distrito-federal-e-regiao/audio-tv-video-e-fotografia/frete-1091449470,2022-10-01
1091449473,SAMSUNG A20s,R$ 600,Boa Vista -  RR,"Hoje, 08:00",https://rr.olx.com.br/roraima/celulares/samsung-a20s-1091449473,2022-10-01
1091449479,IPHONE 11,R$ 3.500,Boa Vista -  RR,"Hoje, 08:00",https://rr.olx.com.br/roraima/celulares/iphone-11-1091449479,2022-10-01
1091449480,Notebook sansung  4 GB/ 320 de HD aceito cartão,R$ 580,Belém -  PA,"Hoje, 08:00",https://pa.olx.com.br/regiao-de-belem/computadores-e-acessorios/notebook-sansung-4-gb-320-de-hd-aceito-cartao-1091449480,2022-10-01
1091449483,Telefone sem fio + ramal Intelbras ,R$ 70,Duque de Caxias -  RJ,"Hoje, 08:00",https://rj.olx.com.br/rio-de-janeiro-e-regiao/celulares/telefone-sem-fio-ramal-intelbras-1091449483,2022-10-01
1091449497,iPhone 13 pro Max 256gb verde - Lacrado ,R$ 7.199,João Pessoa -  PB,"Hoje, 08:00",https://pb.olx.com.br/paraiba/celulares/iphone-13-pro-max-256gb-verde-lacrado-1091449497,2022-10-01
1091449500,"Desentupidora de Vaso Sanitário, Ralo, Pia, Esgoto, Canos, Caixas de Gordura fzf&?+",R$ 1,São Luís -  MA,"Hoje, 08:00",https://ma.olx.com.br/regiao-de-sao-luis/audio-tv-video-e-fotografia/desentupidora-de-vaso-sanitario-ralo-pia-esgoto-canos-caixas-de-gordura-fzf-1091449500,2022-10-01
1091449514,"Manete PS4 - controle DualShock 4, novo com garantia- Personalisada 2022",R$ 210,Contagem -  MG,"Hoje, 08:00",https://mg.olx.com.br/belo-horizonte-e-regiao/videogames/manete-ps4-controle-dualshock-4-novo-com-garantia-personalisada-2022-1091449514,2022-10-01
1091449517,CPU AMD FX-6300 SIX CORE,R$ 800,Maringá -  PR,"Hoje, 08:00",https://pr.olx.com.br/regiao-de-maringa/computadores-e-acessorios/cpu-amd-fx-6300-six-core-1091449517,2022-10-01
1091449529,"Conserto de impressoras Ricoh,,,,,",R$ 100,Recife -  PE,"Hoje, 08:00",https://pe.olx.com.br/grande-recife/computadores-e-acessorios/conserto-de-impressoras-ricoh--1091449529,2022-10-01
1091449551,IPhone 13 Pro Max 128 GB,R$ 6.700,João Pessoa -  PB,"Hoje, 08:00",https://pb.olx.com.br/paraiba/celulares/iphone-13-pro-max-128-gb-1091449551,2022-10-01
1091449200,Celular Samsung J5 Prime 32 GB ,R$ 300,Cuiabá -  MT,"Hoje, 08:00",https://mt.olx.com.br/regiao-de-cuiaba/celulares/celular-samsung-j5-prime-32-gb-1091449200,2022-10-01
1091449204,Pc Game Ryzen 3 3200G ,R$ 2.900,Juiz de Fora -  MG,"Hoje, 08:00",https://mg.olx.com.br/regiao-de-juiz-de-fora/computadores-e-acessorios/pc-game-ryzen-3-3200g-1091449204,2022-10-01
1091449216,PC Gamer ,R$ 3.100,Caçapava -  SP,"Hoje, 08:00",https://sp.olx.com.br/vale-do-paraiba-e-litoral-norte/computadores-e-acessorios/pc-gamer-1091449216,2022-10-01
1091449221,Limpeza profissional em estofados,,Recife -  PE,"Hoje, 08:00",https://pe.olx.com.br/grande-recife/videogames/limpeza-profissional-em-estofados-1091449221,2022-10-01
1091449238,Montador de móveis ,R$ 50,Campo Grande -  MS,"Hoje, 08:00",https://ms.olx.com.br/mato-grosso-do-sul/celulares/montador-de-moveis-1091449238,2022-10-01
1091449253,FRETE E MUDANÇA ©,,Maceió -  AL,"Hoje, 08:00",https://al.olx.com.br/alagoas/computadores-e-acessorios/frete-e-mudanca-1091449253,2022-10-01
1091449256,iPhone 12 64Gb - 12 Meses de Garantia Apple - Loja Física ,R$ 3.999,Curitiba -  PR,"Hoje, 08:00",https://pr.olx.com.br/regiao-de-curitiba-e-paranagua/celulares/iphone-12-64gb-12-meses-de-garantia-apple-loja-fisica-1091449256,2022-10-01
1091449271,Xiaomi XIAOMI Xiaomi ,"R$ 2.09912x de R$ 174,92",Maceió -  AL,"Hoje, 08:00",https://al.olx.com.br/alagoas/celulares/xiaomi-xiaomi-xiaomi-1091449271,2022-10-01
1091449272,instalador de antenas ,,João Pessoa -  PB,"Hoje, 08:00",https://pb.olx.com.br/paraiba/audio-tv-video-e-fotografia/instalador-de-antenas-1091449272,2022-10-01
1091449277,Mesa de som ,R$ 350,Luziânia -  DF,"Hoje, 08:00",https://df.olx.com.br/distrito-federal-e-regiao/audio-tv-video-e-fotografia/mesa-de-som-1091449277,2022-10-01
1091449277,Mesa de som ,R$ 350,Luziânia -  DF,"Hoje, 08:00",https://df.olx.com.br/distrito-federal-e-regiao/audio-tv-video-e-fotografia/mesa-de-som-1091449277,2022-10-01
1091449282,Iphone 11 ,R$ 3.500,Boa Vista -  RR,"Hoje, 08:00",https://rr.olx.com.br/roraima/celulares/iphone-11-1091449282,2022-10-01
1091449283,PC ,"R$ 3.50012x de R$ 291,67",Paulista -  PE,"Hoje, 08:00",https://pe.olx.com.br/grande-recife/computadores-e-acessorios/pc-1091449283,2022-10-01
1091449079,Fonte de XboxOne 2 Pinos ,R$ 140,Feira de Santana -  BA,"Hoje, 08:00",https://ba.olx.com.br/regiao-de-feira-de-santana-e-alagoinhas/videogames/fonte-de-xboxone-2-pinos-1091449079,2022-10-01
1091449083,Ps4 fat 500gb ,R$ 1.450,Curitiba -  PR,"Hoje, 08:00",https://pr.olx.com.br/regiao-de-curitiba-e-paranagua/videogames/ps4-fat-500gb-1091449083,2022-10-01
1091449084,Celular LG L20.,R$ 50,Paulista -  PE,"Hoje, 08:00",https://pe.olx.com.br/grande-recife/celulares/celular-lg-l20-1091449084,2022-10-01
1091449085,Suporte para tv,R$ 29,Natal -  RN,"Hoje, 08:00",https://rn.olx.com.br/rio-grande-do-norte/audio-tv-video-e-fotografia/suporte-para-tv-1091449085,2022-10-01
1091449087,IPHONE 7 PLUS,R$ 900,Blumenau -  SC,"Hoje, 08:00",https://sc.olx.com.br/norte-de-santa-catarina/celulares/iphone-7-plus-1091449087,2022-10-01
1091449089,"Moto G30 128 Gb armazenamento, 4gb Ram, aparelho impecável!! Aceito cartão com acrescimo.",R$ 620,Salvador -  BA,"Hoje, 08:00",https://ba.olx.com.br/grande-salvador/celulares/moto-g30-128-gb-armazenamento-4gb-ram-aparelho-impecavel-aceito-cartao-com-acrescimo-1091449089,2022-10-01
1091449092,Mouse logitech G203,R$ 80,Brasília -  DF,"Hoje, 08:00",https://df.olx.com.br/distrito-federal-e-regiao/computadores-e-acessorios/mouse-logitech-g203-1091449092,2022-10-01
1091449094,Moto g22 completo ,R$ 750,Manaus -  AM,"Hoje, 08:00",https://am.olx.com.br/regiao-de-manaus/celulares/moto-g22-completo-1091449094,2022-10-01
1091449096,Galaxy a8 64gb aprova da agua nenhum defeito todo original ,,Conceição do Jacuípe -  BA,"Hoje, 08:00",https://ba.olx.com.br/regiao-de-feira-de-santana-e-alagoinhas/celulares/galaxy-a8-64gb-aprova-da-agua-nenhum-defeito-todo-original-1091449096,2022-10-01
1091449099,Netflix e outros,"R$ 101x de R$ 10,00",Rio de Janeiro -  RJ,"Hoje, 08:00",https://rj.olx.com.br/rio-de-janeiro-e-regiao/audio-tv-video-e-fotografia/netflix-e-outros-1091449099,2022-10-01
1091449101,Frete,R$ 1,São Paulo -  SP,"Hoje, 08:00",https://sp.olx.com.br/sao-paulo-e-regiao/videogames/frete-1091449101,2022-10-01
1091449102,iPhone 12 64gb Garantia,R$ 3.300,Contagem -  MG,"Hoje, 08:00",https://mg.olx.com.br/belo-horizonte-e-regiao/celulares/iphone-12-64gb-garantia-1091449102,2022-10-01
1091449103,XIOMI REDMI 9A VENDO,"R$ 50012x de R$ 41,67",Brasília -  DF,"Hoje, 08:00",https://df.olx.com.br/distrito-federal-e-regiao/celulares/xiomi-redmi-9a-vendo-1091449103,2022-10-01
1091449105,"Máquina de lavar consul , semi nova",R$ 850,Paulista -  PE,"Hoje, 08:00",https://pe.olx.com.br/grande-recife/audio-tv-video-e-fotografia/maquina-de-lavar-consul-semi-nova-1091449105,2022-10-01
1091449111,"Jogos originais Xbox 360 em Dvd, passo cartão",,Salvador -  BA,"Hoje, 08:00",https://ba.olx.com.br/grande-salvador/videogames/jogos-originais-xbox-360-em-dvd-passo-cartao-1091449111,2022-10-01
1091449112,Xiaomi Redmi Note 9PRO perfeito estado ,R$ 750,São Paulo -  SP,"Hoje, 08:00",https://sp.olx.com.br/sao-paulo-e-regiao/celulares/xiaomi-redmi-note-9pro-perfeito-estado-1091449112,2022-10-01
1091449115,"Xiaomi Mia a3 Barato,64Gb..4 de RAM.",R$ 599,Cariacica -  ES,"Hoje, 08:00",https://es.olx.com.br/norte-do-espirito-santo/celulares/xiaomi-mia-a3-barato-64gb-4-de-ram-1091449115,2022-10-01
1091449117,Video Game Retrô 8Bits com 400 Jogos,R$ 70,São Luís -  MA,"Hoje, 08:00",https://ma.olx.com.br/regiao-de-sao-luis/videogames/video-game-retro-8bits-com-400-jogos-1091449117,2022-10-01
1091449121,Tablet 32GB Função Celular NOVO Entrego Aceito Cartão ,R$ 549,Belo Horizonte -  MG,"Hoje, 08:00",https://mg.olx.com.br/belo-horizonte-e-regiao/computadores-e-acessorios/tablet-32gb-funcao-celular-novo-entrego-aceito-cartao-1091449121,2022-10-01
1091449124,Moto one com um pequeno trinco ,R$ 280,Manaus -  AM,"Hoje, 08:00",https://am.olx.com.br/regiao-de-manaus/celulares/moto-one-com-um-pequeno-trinco-1091449124,2022-10-01
1091449127,PS4 pro 2TB,"R$ 2.20012x de R$ 183,33",Chácara -  MG,"Hoje, 08:00",https://mg.olx.com.br/regiao-de-juiz-de-fora/videogames/ps4-pro-2tb-1091449127,2022-10-01
1091449128,Apple iPhone 7 Plus Rose,R$ 1.400,Manaus -  AM,"Hoje, 08:00",https://am.olx.com.br/regiao-de-manaus/celulares/apple-iphone-7-plus-rose-1091449128,2022-10-01
1091449129,Cabo componente PS2 ,R$ 40,Santarém -  PA,"Hoje, 08:00",https://pa.olx.com.br/regiao-de-santarem/videogames/cabo-componente-ps2-1091449129,2022-10-01
1091449130,Galaxy Z Fold 3 512 GB! Aceito trocas ,R$ 6.800,Salvador -  BA,"Hoje, 08:00",https://ba.olx.com.br/grande-salvador/celulares/galaxy-z-fold-3-512-gb-aceito-trocas-1091449130,2022-10-01
1091449132,Xaomi Redmi 9T ,R$ 950,Salvador -  BA,"Hoje, 08:00",https://ba.olx.com.br/grande-salvador/celulares/xaomi-redmi-9t-1091449132,2022-10-01
1091449134,Aparelho LG 3500w novo ,R$ 3.250,Manaus -  AM,"Hoje, 08:00",https://am.olx.com.br/regiao-de-manaus/audio-tv-video-e-fotografia/aparelho-lg-3500w-novo-1091449134,2022-10-01
1091449136,Camera Nikon D5200,R$ 1.700,Ilhéus -  BA,"Hoje, 08:00",https://ba.olx.com.br/sul-da-bahia/audio-tv-video-e-fotografia/camera-nikon-d5200-1091449136,2022-10-01
1091449138,Video Game Retrô 8Bits Sucesso de Vendas Mais de 100 Vendidos na Ilha,R$ 150,São Luís -  MA,"Hoje, 08:00",https://ma.olx.com.br/regiao-de-sao-luis/videogames/video-game-retro-8bits-sucesso-de-vendas-mais-de-100-vendidos-na-ilha-1091449138,2022-10-01
1091449142,Iphone x 64gb,"R$ 1.50012x de R$ 125,00",Rio de Janeiro -  RJ,"Hoje, 08:00",https://rj.olx.com.br/rio-de-janeiro-e-regiao/celulares/iphone-x-64gb-1091449142,2022-10-01
1091449144,iPhone não tem ZAP ,R$ 100,Resende -  RJ,"Hoje, 08:00",https://rj.olx.com.br/serra-angra-dos-reis-e-regiao/celulares/iphone-nao-tem-zap-1091449144,2022-10-01
1091449151,Apple Watch 5 44mm GPS Original (ótimo estado),R$ 1.700,São José dos Campos -  SP,"Hoje, 08:00",https://sp.olx.com.br/vale-do-paraiba-e-litoral-norte/celulares/apple-watch-5-44mm-gps-original-otimo-estado-1091449151,2022-10-01
1091449155,"XIAOMI Á PRONTA ENTREGA APARTI DE: 679,99 + BRINDES PROMOÇÃO ",R$ 680,Maceió -  AL,"Hoje, 08:00",https://al.olx.com.br/alagoas/celulares/xiaomi-a-pronta-entrega-aparti-de-679-99-brindes-promocao-1091449155,2022-10-01
1091449159,iPhone 7 128 gigas sem nenhum defeito !,"R$ 89012x de R$ 74,17",Manaus -  AM,"Hoje, 08:00",https://am.olx.com.br/regiao-de-manaus/celulares/iphone-7-128-gigas-sem-nenhum-defeito-1091449159,2022-10-01
1091449162,Notebook Samsung - Core i3 - 4gb - Ssd ,R$ 2.100,Caxias do Sul -  RS,"Hoje, 08:00",https://rs.olx.com.br/regioes-de-caxias-do-sul-e-passo-fundo/computadores-e-acessorios/notebook-samsung-core-i3-4gb-ssd-1091449162,2022-10-01
1091449163,Ssd 120gb Hd Disco Rígido Sólido Alta Velocidade Sata 3 Acos,"R$ 979x de R$ 10,78",Caculé -  BA,"Hoje, 08:00",https://ba.olx.com.br/regiao-de-vitoria-da-conquista-e-barreiras/computadores-e-acessorios/ssd-120gb-hd-disco-rigido-solido-alta-velocidade-sata-3-acos-1091449163,2022-10-01
1091449166,Televisão 14 polegadas,"R$ 30012x de R$ 25,00",Brasília -  DF,"Hoje, 08:00",https://df.olx.com.br/distrito-federal-e-regiao/audio-tv-video-e-fotografia/televisao-14-polegadas-1091449166,2022-10-01
1091449168,"Moto G7 Play 32g Biometria R$:280,00",R$ 280,Salvador -  BA,"Hoje, 08:00",https://ba.olx.com.br/grande-salvador/celulares/moto-g7-play-32g-biometria-r-280-00-1091449168,2022-10-01
1091449169,Desapegar rápido  ( LEIA ABAIXO),R$ 200,Juiz de Fora -  MG,"Hoje, 08:00",https://mg.olx.com.br/regiao-de-juiz-de-fora/audio-tv-video-e-fotografia/desapegar-rapido-leia-abaixo-1091449169,2022-10-01
1091449174,Playstation 3 super slim ,R$ 650,Senador Canedo -  GO,"Hoje, 08:00",https://go.olx.com.br/grande-goiania-e-anapolis/videogames/playstation-3-super-slim-1091449174,2022-10-01
1091449179,Galaxy S10 Plus ,R$ 1.400,Brasília -  DF,"Hoje, 08:00",https://df.olx.com.br/distrito-federal-e-regiao/celulares/galaxy-s10-plus-1091449179,2022-10-01
1091449180,Notebook HP pro book i5 SSD,R$ 1.350,Mairiporã -  SP,"Hoje, 08:00",https://sp.olx.com.br/sao-paulo-e-regiao/computadores-e-acessorios/notebook-hp-pro-book-i5-ssd-1091449180,2022-10-01
1091449181,iPhone 11 64gb troco por outro celular ,"R$ 2.50012x de R$ 208,33",Rio de Janeiro -  RJ,"Hoje, 08:00",https://rj.olx.com.br/rio-de-janeiro-e-regiao/celulares/iphone-11-64gb-troco-por-outro-celular-1091449181,2022-10-01
1091449182,Vendo ou Troco Xiaomi Poco X3 Pro Azul 256Gb Semi Novo na Caixa.,R$ 1.600,São Gonçalo -  RJ,"Hoje, 08:00",https://rj.olx.com.br/rio-de-janeiro-e-regiao/celulares/vendo-ou-troco-xiaomi-poco-x3-pro-azul-256gb-semi-novo-na-caixa-1091449182,2022-10-01
1091449183,Notebook Dell Intel core i7 / 6 de ram / 120SSD Latitude E6420,R$ 1.598,São Paulo -  SP,"Hoje, 08:00",https://sp.olx.com.br/sao-paulo-e-regiao/computadores-e-acessorios/notebook-dell-intel-core-i7-6-de-ram-120ssd-latitude-e6420-1091449183,2022-10-01
1091449184,Smartphone Samsung Galaxy A12 SM-A127F Dual SIM 128 GB / 6 GB RAM ,R$ 1.200,Curitiba -  PR,"Hoje, 08:00",https://pr.olx.com.br/regiao-de-curitiba-e-paranagua/celulares/smartphone-samsung-galaxy-a12-sm-a127f-dual-sim-128-gb-6-gb-ram-1091449184,2022-10-01
1091448823,Samsung galaxy A11,R$ 600,Taubaté -  SP,"Hoje, 08:00",https://sp.olx.com.br/vale-do-paraiba-e-litoral-norte/celulares/samsung-galaxy-a11-1091448823,2022-10-01
1091448824,Moto g 9 play,R$ 600,Fortaleza -  CE,"Hoje, 08:00",https://ce.olx.com.br/fortaleza-e-regiao/celulares/moto-g-9-play-1091448824,2022-10-01
1091448824,Moto g 9 play,R$ 600,Fortaleza -  CE,"Hoje, 08:00",https://ce.olx.com.br/fortaleza-e-regiao/celulares/moto-g-9-play-1091448824,2022-10-01
1091448825,"Tv LG 43""","R$ 1.45012x de R$ 120,83",Brasília -  DF,"Hoje, 08:00",https://df.olx.com.br/distrito-federal-e-regiao/audio-tv-video-e-fotografia/tv-lg-43-1091448825,2022-10-01
1091448826,Tv 42 Samsung led smart semi nova,R$ 1.500,Vitória -  ES,"Hoje, 08:00",https://es.olx.com.br/norte-do-espirito-santo/audio-tv-video-e-fotografia/tv-42-samsung-led-smart-semi-nova-1091448826,2022-10-01
1091448828,iPhone xr 128g,"R$ 1.70012x de R$ 141,67",Salvador -  BA,"Hoje, 08:00",https://ba.olx.com.br/grande-salvador/celulares/iphone-xr-128g-1091448828,2022-10-01
1091448830,JOGOS PS4 **VENDA OU TROCA**,R$ 60,Goiânia -  GO,"Hoje, 08:00",https://go.olx.com.br/grande-goiania-e-anapolis/videogames/jogos-ps4-venda-ou-troca-1091448830,2022-10-01
1091448835,"Manete PS4 - controle DualShock 4, novo com garantia- Personalisada",R$ 210,Contagem -  MG,"Hoje, 08:00",https://mg.olx.com.br/belo-horizonte-e-regiao/videogames/manete-ps4-controle-dualshock-4-novo-com-garantia-personalisada-1091448835,2022-10-01
1091448837,Moto g 50,R$ 1.300,Betim -  MG,"Hoje, 08:00",https://mg.olx.com.br/belo-horizonte-e-regiao/celulares/moto-g-50-1091448837,2022-10-01
1091448838,iPad 4 Apple,"R$ 46512x de R$ 38,75",Brasília -  DF,"Hoje, 08:00",https://df.olx.com.br/distrito-federal-e-regiao/computadores-e-acessorios/ipad-4-apple-1091448838,2022-10-01
1091448840,Gran prime 70,R$ 70,Belém -  PA,"Hoje, 08:00",https://pa.olx.com.br/regiao-de-belem/celulares/gran-prime-70-1091448840,2022-10-01
1091448843,Controle sem Fio Xbox360 ,R$ 140,Feira de Santana -  BA,"Hoje, 08:00",https://ba.olx.com.br/regiao-de-feira-de-santana-e-alagoinhas/videogames/controle-sem-fio-xbox360-1091448843,2022-10-01
1091448847,Notebook Dell core i7 ultra rápido 6 de ram 120SSD windows 10 ,R$ 1.600,São Paulo -  SP,"Hoje, 08:00",https://sp.olx.com.br/sao-paulo-e-regiao/computadores-e-acessorios/notebook-dell-core-i7-ultra-rapido-6-de-ram-120ssd-windows-10-1091448847,2022-10-01
1091448848,Caixa de som paredão com bluetooth amplificada torre ,R$ 399,Salvador -  BA,"Hoje, 08:00",https://ba.olx.com.br/grande-salvador/audio-tv-video-e-fotografia/caixa-de-som-paredao-com-bluetooth-amplificada-torre-1091448848,2022-10-01
1091448850,moto g10  64gb 4ram,R$ 650,Anápolis -  GO,"Hoje, 08:00",https://go.olx.com.br/grande-goiania-e-anapolis/celulares/moto-g10-64gb-4ram-1091448850,2022-10-01
1091448854,"Smart TV HD LED 43"" ",R$ 1.100,Salvador -  BA,"Hoje, 08:00",https://ba.olx.com.br/grande-salvador/audio-tv-video-e-fotografia/smart-tv-hd-led-43-1091448854,2022-10-01
1091448855,MOTO G6 PLUS 64 GB TRINCADO ,R$ 230,Belém -  PA,"Hoje, 08:00",https://pa.olx.com.br/regiao-de-belem/celulares/moto-g6-plus-64-gb-trincado-1091448855,2022-10-01
1091448856,Leitor Gravador DvD CD LG,"R$ 757x de R$ 10,71",Brasília -  DF,"Hoje, 08:00",https://df.olx.com.br/distrito-federal-e-regiao/computadores-e-acessorios/leitor-gravador-dvd-cd-lg-1091448856,2022-10-01
1091448858,iPhone 8 Plus 64 GB único dono ,"R$ 1.49912x de R$ 124,92",Natal -  RN,"Hoje, 08:00",https://rn.olx.com.br/rio-grande-do-norte/celulares/iphone-8-plus-64-gb-unico-dono-1091448858,2022-10-01
1091448862,FONE BLUETOOTH REDMI BUDS 3 LITE NOVO LACRADO ,R$ 149,Piracicaba -  SP,"Hoje, 08:00",https://sp.olx.com.br/grande-campinas/audio-tv-video-e-fotografia/fone-bluetooth-redmi-buds-3-lite-novo-lacrado-1091448862,2022-10-01
1091448863,Galaxy  tab A7 lite na caixa,R$ 780,Fortaleza -  CE,"Hoje, 08:00",https://ce.olx.com.br/fortaleza-e-regiao/celulares/galaxy-tab-a7-lite-na-caixa-1091448863,2022-10-01
1091448865,Jogos de Ps3,R$ 50,Jaboatão dos Guararapes -  PE,"Hoje, 08:00",https://pe.olx.com.br/grande-recife/videogames/jogos-de-ps3-1091448865,2022-10-01
1091448867,Notebook Dell Intel core i7 com 6 de ram 120 SSD,R$ 1.599,São Paulo -  SP,"Hoje, 08:00",https://sp.olx.com.br/sao-paulo-e-regiao/computadores-e-acessorios/notebook-dell-intel-core-i7-com-6-de-ram-120-ssd-1091448867,2022-10-01
1091448868,"LG S460, Core i3, HD de 500Gb e 4Gb de RAM",R$ 750,Belém -  PA,"Hoje, 08:00",https://pa.olx.com.br/regiao-de-belem/computadores-e-acessorios/lg-s460-core-i3-hd-de-500gb-e-4gb-de-ram-1091448868,2022-10-01
1091448870,Ipad 64g,R$ 500,Belém -  PA,"Hoje, 08:00",https://pa.olx.com.br/regiao-de-belem/computadores-e-acessorios/ipad-64g-1091448870,2022-10-01
1091448873,OTG pra Iphone ,,São Luís -  MA,"Hoje, 08:00",https://ma.olx.com.br/regiao-de-sao-luis/celulares/otg-pra-iphone-1091448873,2022-10-01
1091448875,Vendo iPhone 8 64 gigas,"R$ 1.00012x de R$ 83,33",Montes Claros -  MG,"Hoje, 08:00",https://mg.olx.com.br/regiao-de-montes-claros-e-diamantina/celulares/vendo-iphone-8-64-gigas-1091448875,2022-10-01
1091448876,A20 pra hoje 399 ,R$ 399,Camboriú -  SC,"Hoje, 08:00",https://sc.olx.com.br/norte-de-santa-catarina/celulares/a20-pra-hoje-399-1091448876,2022-10-01
1091448878,Xbox séries s novo,R$ 2.500,Caruaru -  PE,"Hoje, 08:00",https://pe.olx.com.br/grande-recife/videogames/xbox-series-s-novo-1091448878,2022-10-01
1091448879,Samsung J7 Neo MUITO NOVO ,R$ 299,Rio de Janeiro -  RJ,"Hoje, 08:00",https://rj.olx.com.br/rio-de-janeiro-e-regiao/celulares/samsung-j7-neo-muito-novo-1091448879,2022-10-01
1091448882,Netbook Samsung,"R$ 25012x de R$ 20,83",Paulista -  PE,"Hoje, 08:00",https://pe.olx.com.br/grande-recife/computadores-e-acessorios/netbook-samsung-1091448882,2022-10-01
1091448885,Pc core i3 3° geração + 6 gb + HD 500 + monitor de 20 Led lg ,R$ 799,Belém -  PA,"Hoje, 08:00",https://pa.olx.com.br/regiao-de-belem/computadores-e-acessorios/pc-core-i3-3-geracao-6-gb-hd-500-monitor-de-20-led-lg-1091448885,2022-10-01
1091448887,Cubo meteoro ,"R$ 1.90012x de R$ 158,33",Goiânia -  GO,"Hoje, 08:00",https://go.olx.com.br/grande-goiania-e-anapolis/audio-tv-video-e-fotografia/cubo-meteoro-1091448887,2022-10-01
1091448888,Cpu i3 4 geração ,R$ 900,São Luís -  MA,"Hoje, 08:00",https://ma.olx.com.br/regiao-de-sao-luis/computadores-e-acessorios/cpu-i3-4-geracao-1091448888,2022-10-01
1091448889,Vendo iPhone 11 (256 Gb) - Branco Exposição,"R$ 4.00012x de R$ 333,33",Guarulhos -  SP,"Hoje, 08:00",https://sp.olx.com.br/sao-paulo-e-regiao/celulares/vendo-iphone-11-256-gb-branco-exposicao-1091448889,2022-10-01
1091448893,VENDO Samsung j5 prime tudo ok . IMPECÁVEL ,R$ 350,Uberlândia -  MG,"Hoje, 08:00",https://mg.olx.com.br/regiao-de-uberlandia-e-uberaba/celulares/vendo-samsung-j5-prime-tudo-ok-impecavel-1091448893,2022-10-01
1091448895,Controle de PS4 Dualshock4 Novo,"R$ 28012x de R$ 23,33",Ananindeua -  PA,"Hoje, 08:00",https://pa.olx.com.br/regiao-de-belem/videogames/controle-de-ps4-dualshock4-novo-1091448895,2022-10-01
1091448896,Dvd novo Philco ,R$ 80,Belém -  PA,"Hoje, 08:00",https://pa.olx.com.br/regiao-de-belem/audio-tv-video-e-fotografia/dvd-novo-philco-1091448896,2022-10-01
1091448897,Iphone 8 plus 256 gb ,"R$ 2.20012x de R$ 183,33",Penedo -  AL,"Hoje, 08:00",https://al.olx.com.br/alagoas/celulares/iphone-8-plus-256-gb-1091448897,2022-10-01
1091448900,VENDO MOTO G7,R$ 350,Balsa Nova -  PR,"Hoje, 08:00",https://pr.olx.com.br/regiao-de-curitiba-e-paranagua/celulares/vendo-moto-g7-1091448900,2022-10-01
1091448901,Tablet Samsung Galaxy Tab E.,R$ 150,Brasília -  DF,"Hoje, 08:00",https://df.olx.com.br/distrito-federal-e-regiao/celulares/tablet-samsung-galaxy-tab-e-1091448901,2022-10-01
1091448903,Vendo um a 10s 32 Gb geometria ela trincada mas funciona normal,"R$ 20012x de R$ 16,67",São Paulo -  SP,"Hoje, 08:00",https://sp.olx.com.br/sao-paulo-e-regiao/celulares/vendo-um-a-10s-32-gb-geometria-ela-trincada-mas-funciona-normal-1091448903,2022-10-01
1091448904,S21 fé novo sem um aranhao ,R$ 1.899,Guaíba -  RS,"Hoje, 08:00",https://rs.olx.com.br/regioes-de-porto-alegre-torres-e-santa-cruz-do-sul/celulares/s21-fe-novo-sem-um-aranhao-1091448904,2022-10-01
1091448905,Dois por 880,R$ 880,João Pessoa -  PB,"Hoje, 08:00",https://pb.olx.com.br/paraiba/celulares/dois-por-880-1091448905,2022-10-01
1091448909,Mega pacote de jogos pra ps4 40 jogos ,R$ 250,Manaus -  AM,"Hoje, 08:00",https://am.olx.com.br/regiao-de-manaus/videogames/mega-pacote-de-jogos-pra-ps4-40-jogos-1091448909,2022-10-01
1091448911,iPhone X 256GB,"R$ 2.30012x de R$ 191,67",São Paulo -  SP,"Hoje, 08:00",https://sp.olx.com.br/sao-paulo-e-regiao/celulares/iphone-x-256gb-1091448911,2022-10-01
1091448912,SSD WD SN850 NOVO NA CAIXA,"R$ 50012x de R$ 41,67",Brasília -  DF,"Hoje, 08:00",https://df.olx.com.br/distrito-federal-e-regiao/computadores-e-acessorios/ssd-wd-sn850-novo-na-caixa-1091448912,2022-10-01
1091448915,Notebook Dell core i7 ultra rápido 6 de ram 120SSD windows 10 ,R$ 1.600,São Paulo -  SP,"Hoje, 08:00",https://sp.olx.com.br/sao-paulo-e-regiao/computadores-e-acessorios/notebook-dell-core-i7-ultra-rapido-6-de-ram-120ssd-windows-10-1091448915,2022-10-01
1091448916,PS4 PRO,R$ 2.000,Manaus -  AM,"Hoje, 08:00",https://am.olx.com.br/regiao-de-manaus/videogames/ps4-pro-1091448916,2022-10-01
1091448917,Motorola moto G6 play barato,R$ 400,Joinville -  SC,"Hoje, 08:00",https://sc.olx.com.br/norte-de-santa-catarina/celulares/motorola-moto-g6-play-barato-1091448917,2022-10-01
1091448918,Tablet Infantil Função Celular NOVO Entrego Aceito Cartão ,R$ 349,Belo Horizonte -  MG,"Hoje, 08:00",https://mg.olx.com.br/belo-horizonte-e-regiao/computadores-e-acessorios/tablet-infantil-funcao-celular-novo-entrego-aceito-cartao-1091448918,2022-10-01
1091448921,Figurinha rara bronze do CR7,R$ 1.000,Petrópolis -  RJ,"Hoje, 08:00",https://rj.olx.com.br/serra-angra-dos-reis-e-regiao/celulares/figurinha-rara-bronze-do-cr7-1091448921,2022-10-01
1091448923,Notebook Dell latitude E6420 Intel core i7 / 6 de ram / 120SSD ,R$ 1.699,São Paulo -  SP,"Hoje, 08:00",https://sp.olx.com.br/sao-paulo-e-regiao/computadores-e-acessorios/notebook-dell-latitude-e6420-intel-core-i7-6-de-ram-120ssd-1091448923,2022-10-01
1091448926,"TV SAMSUNG 32 950,00",R$ 950,Brasília -  DF,"Hoje, 08:00",https://df.olx.com.br/distrito-federal-e-regiao/audio-tv-video-e-fotografia/tv-samsung-32-950-00-1091448926,2022-10-01
1091448929,Xiaomi poco x3 ,R$ 1.499,Campos Dos Goytacazes -  RJ,"Hoje, 08:00",https://rj.olx.com.br/norte-do-estado-do-rio/celulares/xiaomi-poco-x3-1091448929,2022-10-01
1091448932,Cartão de Memória,,Teresina -  PI,"Hoje, 08:00",https://pi.olx.com.br/regiao-de-teresina-e-parnaiba/celulares/cartao-de-memoria-1091448932,2022-10-01
1091448934,Adaptador USB bluetooth ,R$ 35,Santarém -  PA,"Hoje, 08:00",https://pa.olx.com.br/regiao-de-santarem/audio-tv-video-e-fotografia/adaptador-usb-bluetooth-1091448934,2022-10-01
1091448937,mini game x70 8gb plus ,R$ 429,Bauru -  SP,"Hoje, 08:00",https://sp.olx.com.br/regiao-de-bauru-e-marilia/videogames/mini-game-x70-8gb-plus-1091448937,2022-10-01
1091448938,iPhone XR 64g - R$ 1.900,,Brasília -  DF,"Hoje, 08:00",https://df.olx.com.br/distrito-federal-e-regiao/celulares/iphone-xr-64g-r-1-900-1091448938,2022-10-01
1091448939,iPhone 6 64 Gb,R$ 450,Brasília -  DF,"Hoje, 08:00",https://df.olx.com.br/distrito-federal-e-regiao/celulares/iphone-6-64-gb-1091448939,2022-10-01
1091448940,Venda ou troca ,R$ 70,Fortaleza -  CE,"Hoje, 08:00",https://ce.olx.com.br/fortaleza-e-regiao/celulares/venda-ou-troca-1091448940,2022-10-01
1091448944,"Samsung Galaxy Tab S8 5G, Snap 8 gen 1, 256GB, 8GB RAM   S7 FE Ultra",R$ 3.998,Belo Horizonte -  MG,"Hoje, 08:00",https://mg.olx.com.br/belo-horizonte-e-regiao/celulares/samsung-galaxy-tab-s8-5g-snap-8-gen-1-256gb-8gb-ram-s7-fe-ultra-1091448944,2022-10-01
1091448946,PS 3 Playstation Sony,R$ 1.300,Osasco -  SP,"Hoje, 08:00",https://sp.olx.com.br/sao-paulo-e-regiao/videogames/ps-3-playstation-sony-1091448946,2022-10-01
1091448949,SAMSUNG Z FLIP4 (256GB),R$ 5.750,Vitória -  ES,"Hoje, 08:00",https://es.olx.com.br/norte-do-espirito-santo/celulares/samsung-z-flip4-256gb-1091448949,2022-10-01
1091448950,iPad Air 64 GB,R$ 450,Cariacica -  ES,"Hoje, 08:00",https://es.olx.com.br/norte-do-espirito-santo/computadores-e-acessorios/ipad-air-64-gb-1091448950,2022-10-01
1091448951,Película de privacidade p/iPhone 11/xr,R$ 19,Santana -  AP,"Hoje, 08:00",https://ap.olx.com.br/amapa/celulares/pelicula-de-privacidade-p-iphone-11-xr-1091448951,2022-10-01
1091448954,URGENTE PlayStation VR,R$ 1.300,Santo André -  SP,"Hoje, 08:00",https://sp.olx.com.br/sao-paulo-e-regiao/videogames/urgente-playstation-vr-1091448954,2022-10-01
1091448955,Xiaomi Mi 8 64gb/06gb de ram snapdragon 845 gamer,R$ 799,Goiânia -  GO,"Hoje, 08:00",https://go.olx.com.br/grande-goiania-e-anapolis/celulares/xiaomi-mi-8-64gb-06gb-de-ram-snapdragon-845-gamer-1091448955,2022-10-01
1091448958,iPhone 8 Plus 64 gb Rose ,"R$ 1.65012x de R$ 137,50",Congonhas -  MG,"Hoje, 08:00",https://mg.olx.com.br/belo-horizonte-e-regiao/celulares/iphone-8-plus-64-gb-rose-1091448958,2022-10-01
1091448961,PC completo core i5 3330 8gb HD de 500gb 19 polegadas monitor ,R$ 1.100,Fortaleza -  CE,"Hoje, 08:00",https://ce.olx.com.br/fortaleza-e-regiao/computadores-e-acessorios/pc-completo-core-i5-3330-8gb-hd-de-500gb-19-polegadas-monitor-1091448961,2022-10-01
1091448963,Monitor LG 29 polegadas ,"R$ 1.10012x de R$ 91,67",Belo Horizonte -  MG,"Hoje, 08:00",https://mg.olx.com.br/belo-horizonte-e-regiao/computadores-e-acessorios/monitor-lg-29-polegadas-1091448963,2022-10-01
1091448964,iPhone 11 - 6 Meses de Uso [Garantia e NF] Sem Juros,"R$ 3.00012x de R$ 250,00",Rio de Janeiro -  RJ,"Hoje, 08:00",https://rj.olx.com.br/rio-de-janeiro-e-regiao/audio-tv-video-e-fotografia/iphone-11-6-meses-de-uso-garantia-e-nf-sem-juros-1091448964,2022-10-01
1091448965,Vendo ou Troco Celular A03 64Gb Zero,R$ 850,Cuiabá -  MT,"Hoje, 08:00",https://mt.olx.com.br/regiao-de-cuiaba/celulares/vendo-ou-troco-celular-a03-64gb-zero-1091448965,2022-10-01
1091448966,Samsung A52 Azul único dono,R$ 1.200,Curitiba -  PR,"Hoje, 08:00",https://pr.olx.com.br/regiao-de-curitiba-e-paranagua/celulares/samsung-a52-azul-unico-dono-1091448966,2022-10-01
1091448967,XIAOMI - REDMI 9i SPORT 64/4 830 AVISTA GRÁTIS FONE DE OUVIDO E PELÍCULA+ ENTREGAR GRÁTIS ,R$ 829,Maceió -  AL,"Hoje, 08:00",https://al.olx.com.br/alagoas/celulares/xiaomi-redmi-9i-sport-64-4-830-avista-gratis-fone-de-ouvido-e-pelicula-entregar-gratis-1091448967,2022-10-01
1091448968,iPhone 5c ,"R$ 909x de R$ 10,00",Guarulhos -  SP,"Hoje, 08:00",https://sp.olx.com.br/sao-paulo-e-regiao/celulares/iphone-5c-1091448968,2022-10-01
1091448970,Moto e ,R$ 570,Salvador -  BA,"Hoje, 08:00",https://ba.olx.com.br/grande-salvador/celulares/moto-e-1091448970,2022-10-01
1091448971,Moto g52 completo celular tá excelente ,R$ 900,Manaus -  AM,"Hoje, 08:00",https://am.olx.com.br/regiao-de-manaus/celulares/moto-g52-completo-celular-ta-excelente-1091448971,2022-10-01
1091448972,Redmi note 9 64 GB/ 4 GB RAM novinho ,R$ 720,Montes Claros -  MG,"Hoje, 08:00",https://mg.olx.com.br/regiao-de-montes-claros-e-diamantina/celulares/redmi-note-9-64-gb-4-gb-ram-novinho-1091448972,2022-10-01
1091448975,Cartao de memoria micro sd,R$ 22,Santarém -  PA,"Hoje, 08:00",https://pa.olx.com.br/regiao-de-santarem/computadores-e-acessorios/cartao-de-memoria-micro-sd-1091448975,2022-10-01
1091448977,Vendo TV tubo 29 polegadas ,R$ 200,Joinville -  SC,"Hoje, 08:00",https://sc.olx.com.br/norte-de-santa-catarina/audio-tv-video-e-fotografia/vendo-tv-tubo-29-polegadas-1091448977,2022-10-01
1091448979,Controle de Tv TCL,R$ 30,Fortaleza -  CE,"Hoje, 08:00",https://ce.olx.com.br/fortaleza-e-regiao/audio-tv-video-e-fotografia/controle-de-tv-tcl-1091448979,2022-10-01
1091448981,iPhone 7 256gb,"R$ 1.20012x de R$ 100,00",Ubatuba -  SP,"Hoje, 08:00",https://sp.olx.com.br/vale-do-paraiba-e-litoral-norte/celulares/iphone-7-256gb-1091448981,2022-10-01
1091448984,Vendo celular Samsung A01,R$ 330,São Luís -  MA,"Hoje, 08:00",https://ma.olx.com.br/regiao-de-sao-luis/celulares/vendo-celular-samsung-a01-1091448984,2022-10-01
1091448989,Motorola Edge 20 pra vender logo,"R$ 1.70012x de R$ 141,67",Salvador -  BA,"Hoje, 08:00",https://ba.olx.com.br/grande-salvador/celulares/motorola-edge-20-pra-vender-logo-1091448989,2022-10-01
1091448992,Cabo Magnético de Dados ,R$ 35,Feira de Santana -  BA,"Hoje, 08:00",https://ba.olx.com.br/regiao-de-feira-de-santana-e-alagoinhas/celulares/cabo-magnetico-de-dados-1091448992,2022-10-01
1091448994,"Tvs Smart de 32"" 43"" e 47"" em oferta !",R$ 10,Santo André -  SP,"Hoje, 08:00",https://sp.olx.com.br/sao-paulo-e-regiao/audio-tv-video-e-fotografia/tvs-smart-de-32-43-e-47-em-oferta-1091448994,2022-10-01
1091448995,Ps2 slim + 120 jogos,R$ 300,Anápolis -  GO,"Hoje, 08:00",https://go.olx.com.br/grande-goiania-e-anapolis/videogames/ps2-slim-120-jogos-1091448995,2022-10-01
1091448996,Bateria de Controle Xbox360 ,R$ 30,Feira de Santana -  BA,"Hoje, 08:00",https://ba.olx.com.br/regiao-de-feira-de-santana-e-alagoinhas/videogames/bateria-de-controle-xbox360-1091448996,2022-10-01
1091448998,"G920 pra One. Garantia, parcelo 12x.",R$ 1.430,São Paulo -  SP,"Hoje, 08:00",https://sp.olx.com.br/sao-paulo-e-regiao/videogames/g920-pra-one-garantia-parcelo-12x-1091448998,2022-10-01
1091448999,SSD 960GB - Kingston A400,"R$ 38512x de R$ 32,08",Juiz de Fora -  MG,"Hoje, 08:00",https://mg.olx.com.br/regiao-de-juiz-de-fora/computadores-e-acessorios/ssd-960gb-kingston-a400-1091448999,2022-10-01
1091449002,Iphone 8  plus 64gb,R$ 1.230,Aparecida de Goiânia -  GO,"Hoje, 08:00",https://go.olx.com.br/grande-goiania-e-anapolis/celulares/iphone-8-plus-64gb-1091449002,2022-10-01
1091449004,Galaxy J7 Prime ,R$ 350,Salvador -  BA,"Hoje, 08:00",https://ba.olx.com.br/grande-salvador/celulares/galaxy-j7-prime-1091449004,2022-10-01
1091449010,Pc gamer,R$ 5.000,Macapá -  AP,"Hoje, 08:00",https://ap.olx.com.br/amapa/computadores-e-acessorios/pc-gamer-1091449010,2022-10-01
1091449013,Smartv 4k full HD LG 43polegadas,R$ 1.900,Brasília -  DF,"Hoje, 08:00",https://df.olx.com.br/distrito-federal-e-regiao/audio-tv-video-e-fotografia/smartv-4k-full-hd-lg-43polegadas-1091449013,2022-10-01
1091449014,Poco x3 pro ,R$ 1.400,Rio de Janeiro -  RJ,"Hoje, 08:00",https://rj.olx.com.br/rio-de-janeiro-e-regiao/celulares/poco-x3-pro-1091449014,2022-10-01
1091449016,Memória ram 4 pentes 4gb 2400mhz 16gb ballistix,R$ 300,Camaragibe -  PE,"Hoje, 08:00",https://pe.olx.com.br/grande-recife/computadores-e-acessorios/memoria-ram-4-pentes-4gb-2400mhz-16gb-ballistix-1091449016,2022-10-01
1091449017,Notebook Dell Latitude core i7/ 120SSD 6 de ram windows 10 tudo ok ,R$ 1.650,São Paulo -  SP,"Hoje, 08:00",https://sp.olx.com.br/sao-paulo-e-regiao/computadores-e-acessorios/notebook-dell-latitude-core-i7-120ssd-6-de-ram-windows-10-tudo-ok-1091449017,2022-10-01
1091449020,Monitor funcionando perfeitamente ,R$ 150,Goiânia -  GO,"Hoje, 08:00",https://go.olx.com.br/grande-goiania-e-anapolis/computadores-e-acessorios/monitor-funcionando-perfeitamente-1091449020,2022-10-01
1091449023,Celular moto g82 novo na caixa ,"R$ 1.50012x de R$ 125,00",São Gonçalo -  RJ,"Hoje, 08:00",https://rj.olx.com.br/rio-de-janeiro-e-regiao/celulares/celular-moto-g82-novo-na-caixa-1091449023,2022-10-01
1091449024,Motorola g9 play ,R$ 700,Santo André -  SP,"Hoje, 08:00",https://sp.olx.com.br/sao-paulo-e-regiao/celulares/motorola-g9-play-1091449024,2022-10-01
1091449030,Power play Behringer ,"R$ 1.60012x de R$ 133,33",Goiânia -  GO,"Hoje, 08:00",https://go.olx.com.br/grande-goiania-e-anapolis/audio-tv-video-e-fotografia/power-play-behringer-1091449030,2022-10-01
1091449024,Motorola g9 play ,R$ 700,Santo André -  SP,"Hoje, 08:00",https://sp.olx.com.br/sao-paulo-e-regiao/celulares/motorola-g9-play-1091449024,2022-10-01
1091449030,Power play Behringer ,"R$ 1.60012x de R$ 133,33",Goiânia -  GO,"Hoje, 08:00",https://go.olx.com.br/grande-goiania-e-anapolis/audio-tv-video-e-fotografia/power-play-behringer-1091449030,2022-10-01
1091449031,Netflix e outros,"R$ 101x de R$ 10,00",Manaus -  AM,"Hoje, 08:00",https://am.olx.com.br/regiao-de-manaus/audio-tv-video-e-fotografia/netflix-e-outros-1091449031,2022-10-01
1091449032,"Manete PS4 - controle DualShock 4, novo com garantia- vermelha",R$ 199,Contagem -  MG,"Hoje, 08:00",https://mg.olx.com.br/belo-horizonte-e-regiao/videogames/manete-ps4-controle-dualshock-4-novo-com-garantia-vermelha-1091449032,2022-10-01
1091449037,Jogo Halo 4 para Xbox 360,R$ 50,Fortaleza -  CE,"Hoje, 08:00",https://ce.olx.com.br/fortaleza-e-regiao/videogames/jogo-halo-4-para-xbox-360-1091449037,2022-10-01
1091449039,Lote de celular emei ok,"R$ 14012x de R$ 11,67",São Paulo -  SP,"Hoje, 08:00",https://sp.olx.com.br/sao-paulo-e-regiao/celulares/lote-de-celular-emei-ok-1091449039,2022-10-01
1091449043,Cabos USB Iphone 4 3 em 1,R$ 25,São Luís -  MA,"Hoje, 08:00",https://ma.olx.com.br/regiao-de-sao-luis/celulares/cabos-usb-iphone-4-3-em-1-1091449043,2022-10-01
1091449045,Iphone XR 128gb ,R$ 1.600,Fortaleza -  CE,"Hoje, 08:00",https://ce.olx.com.br/fortaleza-e-regiao/celulares/iphone-xr-128gb-1091449045,2022-10-01
1091449046,Notebook Acer - 4gb Ram - Ssd 240gb,R$ 1.300,Caxias do Sul -  RS,"Hoje, 08:00",https://rs.olx.com.br/regioes-de-caxias-do-sul-e-passo-fundo/computadores-e-acessorios/notebook-acer-4gb-ram-ssd-240gb-1091449046,2022-10-01
1091449048,Carmon Tecno 17 pro ,R$ 1.700,São Luís -  MA,"Hoje, 08:00",https://ma.olx.com.br/regiao-de-sao-luis/celulares/carmon-tecno-17-pro-1091449048,2022-10-01
1091449053,IPHONE XS MAX 64 + Inducao,"R$ 1.79912x de R$ 149,92",Ribeirão Pires -  SP,"Hoje, 08:00",https://sp.olx.com.br/sao-paulo-e-regiao/celulares/iphone-xs-max-64-inducao-1091449053,2022-10-01
1091449055,Celular ,R$ 1.080,Hortolândia -  SP,"Hoje, 08:00",https://sp.olx.com.br/grande-campinas/celulares/celular-1091449055,2022-10-01
1091449056,Notebook novo ,"R$ 3.00012x de R$ 250,00",São José do Rio Preto -  SP,"Hoje, 08:00",https://sp.olx.com.br/regiao-de-sao-jose-do-rio-preto/computadores-e-acessorios/notebook-novo-1091449056,2022-10-01
1091449058,TV 43 SMART  AOC,R$ 1.300,Montes Claros -  MG,"Hoje, 08:00",https://mg.olx.com.br/regiao-de-montes-claros-e-diamantina/audio-tv-video-e-fotografia/tv-43-smart-aoc-1091449058,2022-10-01
1091449059,SAMSUNG S10+ ZERADO!,R$ 1.500,Goiânia -  GO,"Hoje, 08:00",https://go.olx.com.br/grande-goiania-e-anapolis/celulares/samsung-s10-zerado-1091449059,2022-10-01
1091449060,vendo esse nitendo wii,R$ 400,Guarapari -  ES,"Hoje, 08:00",https://es.olx.com.br/norte-do-espirito-santo/videogames/vendo-esse-nitendo-wii-1091449060,2022-10-01
1091449061,iPhone 11 branco de 64gb ,R$ 2.450,Goiânia -  GO,"Hoje, 08:00",https://go.olx.com.br/grande-goiania-e-anapolis/celulares/iphone-11-branco-de-64gb-1091449061,2022-10-01
1091449062,"Manete PS4 - controle DualShock 4, novo com garantia- Azul",R$ 199,Contagem -  MG,"Hoje, 08:00",https://mg.olx.com.br/belo-horizonte-e-regiao/videogames/manete-ps4-controle-dualshock-4-novo-com-garantia-azul-1091449062,2022-10-01
1091449063,Redmi 64 gb funcionando com tela trincada 250,R$ 250,Brasília -  DF,"Hoje, 08:00",https://df.olx.com.br/distrito-federal-e-regiao/celulares/redmi-64-gb-funcionando-com-tela-trincada-250-1091449063,2022-10-01
1091449066,"Poco m3, 128gb, bateria 6000mah","R$ 94912x de R$ 79,08",Barra de Santo Antônio -  AL,"Hoje, 08:00",https://al.olx.com.br/alagoas/celulares/poco-m3-128gb-bateria-6000mah-1091449066,2022-10-01
1091449067,Fone de ouvido iPhone ,R$ 50,Santarém -  PA,"Hoje, 08:00",https://pa.olx.com.br/regiao-de-santarem/celulares/fone-de-ouvido-iphone-1091449067,2022-10-01
1091449068,IPhone 7,R$ 530,Belo Horizonte -  MG,"Hoje, 08:00",https://mg.olx.com.br/belo-horizonte-e-regiao/celulares/iphone-7-1091449068,2022-10-01
1091449071,iPhone 8 Plus 64gb,R$ 1.500,Fortaleza -  CE,"Hoje, 08:00",https://ce.olx.com.br/fortaleza-e-regiao/celulares/iphone-8-plus-64gb-1091449071,2022-10-01
1091449075,Samsung A32 128GB,"R$ 93012x de R$ 77,50",Anápolis -  GO,"Hoje, 08:00",https://go.olx.com.br/grande-goiania-e-anapolis/celulares/samsung-a32-128gb-1091449075,2022-10-01
1091448603,Higienização a seco profissional em estofados,,Recife -  PE,"Hoje, 08:00",https://pe.olx.com.br/grande-recife/celulares/higienizacao-a-seco-profissional-em-estofados-1091448603,2022-10-01
1091448629,Máquinas de Cartão Mercado Pago NOVAS e LACRADAS com GARANTIA ,"R$ 252x de R$ 12,50",São Luís -  MA,"Hoje, 08:00",https://ma.olx.com.br/regiao-de-sao-luis/audio-tv-video-e-fotografia/maquinas-de-cartao-mercado-pago-novas-e-lacradas-com-garantia-1091448629,2022-10-01
1091448649,Frete Brasília ,,Brasília -  DF,"Hoje, 08:00",https://df.olx.com.br/distrito-federal-e-regiao/computadores-e-acessorios/frete-brasilia-1091448649,2022-10-01
1091448662,Frete águas claras ,,Brasília -  DF,"Hoje, 08:00",https://df.olx.com.br/distrito-federal-e-regiao/celulares/frete-aguas-claras-1091448662,2022-10-01
1091448689,Bombeiro hidráulico eleição 2022,"R$ 121x de R$ 12,00",São Luís -  MA,"Hoje, 08:00",https://ma.olx.com.br/regiao-de-sao-luis/audio-tv-video-e-fotografia/bombeiro-hidraulico-eleicao-2022-1091448689,2022-10-01
1091448691,Técnico em Informática a domicílio,,São Luís -  MA,"Hoje, 08:00",https://ma.olx.com.br/regiao-de-sao-luis/computadores-e-acessorios/tecnico-em-informatica-a-domicilio-1091448691,2022-10-01
1091448716,"Desentupidora de Canos, Esgotos, Caixas de Gordura, Vasos Sanitários, Ralo 7pdhrx",R$ 1,Brasília -  DF,"Hoje, 08:00",https://df.olx.com.br/distrito-federal-e-regiao/audio-tv-video-e-fotografia/desentupidora-de-canos-esgotos-caixas-de-gordura-vasos-sanitarios-ralo-7pdhrx-1091448716,2022-10-01
1091448727,Limpeza a seco profissional em estofados,,Recife -  PE,"Hoje, 08:00",https://pe.olx.com.br/grande-recife/audio-tv-video-e-fotografia/limpeza-a-seco-profissional-em-estofados-1091448727,2022-10-01
1091448747,instalador de antenas ,,João Pessoa -  PB,"Hoje, 08:00",https://pb.olx.com.br/paraiba/audio-tv-video-e-fotografia/instalador-de-antenas-1091448747,2022-10-01
1091448756,Cabo cat 6 furukawa soho plus,R$ 500,Niterói -  RJ,"Hoje, 08:00",https://rj.olx.com.br/rio-de-janeiro-e-regiao/audio-tv-video-e-fotografia/cabo-cat-6-furukawa-soho-plus-1091448756,2022-10-01
1091448757,Ps3 Desbloqueado 14mil Jogos.,R$ 750,Salvador -  BA,"Hoje, 08:00",https://ba.olx.com.br/grande-salvador/videogames/ps3-desbloqueado-14mil-jogos-1091448757,2022-10-01
1091448758,"Manete PS4 - controle DualShock 4, novo com garantia-PRETA",R$ 199,Contagem -  MG,"Hoje, 08:00",https://mg.olx.com.br/belo-horizonte-e-regiao/videogames/manete-ps4-controle-dualshock-4-novo-com-garantia-preta-1091448758,2022-10-01
1091448759,Redmi note 8 ,R$ 580,Salvador -  BA,"Hoje, 08:00",https://ba.olx.com.br/grande-salvador/celulares/redmi-note-8-1091448759,2022-10-01
1091448762,PC gamer completo rodando todos jogos atuais ,R$ 5.000,Jacareí -  SP,"Hoje, 08:00",https://sp.olx.com.br/vale-do-paraiba-e-litoral-norte/videogames/pc-gamer-completo-rodando-todos-jogos-atuais-1091448762,2022-10-01
1091448763,iPhone 13 128gb,R$ 4.800,Olímpia -  SP,"Hoje, 08:00",https://sp.olx.com.br/regiao-de-sao-jose-do-rio-preto/celulares/iphone-13-128gb-1091448763,2022-10-01
1091448770,Fibra óptica ,R$ 350,Salvador -  BA,"Hoje, 08:00",https://ba.olx.com.br/grande-salvador/computadores-e-acessorios/fibra-optica-1091448770,2022-10-01
1091448771,Notebook Dell latitude core i7 ultra rápido 6 de ram 120SSD funciona tudo,R$ 1.650,São Paulo -  SP,"Hoje, 08:00",https://sp.olx.com.br/sao-paulo-e-regiao/computadores-e-acessorios/notebook-dell-latitude-core-i7-ultra-rapido-6-de-ram-120ssd-funciona-tudo-1091448771,2022-10-01
1091448772,Playstation 3 pouco tempo de uso,"R$ 60012x de R$ 50,00",Governador Valadares -  MG,"Hoje, 08:00",https://mg.olx.com.br/regiao-de-governador-valadares-e-teofilo-otoni/videogames/playstation-3-pouco-tempo-de-uso-1091448772,2022-10-01
1091448776,S9 plus ,R$ 900,Rio de Janeiro -  RJ,"Hoje, 08:00",https://rj.olx.com.br/rio-de-janeiro-e-regiao/celulares/s9-plus-1091448776,2022-10-01
1091448778,Vende-se Xiaomi Redmi Note 10S 64GB / 6GB RAM,R$ 1.100,Manaus -  AM,"Hoje, 08:00",https://am.olx.com.br/regiao-de-manaus/celulares/vende-se-xiaomi-redmi-note-10s-64gb-6gb-ram-1091448778,2022-10-01
1091448780,POCO F3 5G,R$ 2.000,Camaçari -  BA,"Hoje, 08:00",https://ba.olx.com.br/grande-salvador/celulares/poco-f3-5g-1091448780,2022-10-01
1091448783,Moto G60 128Gb 6GB de ram,R$ 800,São Paulo -  SP,"Hoje, 08:00",https://sp.olx.com.br/sao-paulo-e-regiao/celulares/moto-g60-128gb-6gb-de-ram-1091448783,2022-10-01
1091448788,Controle de Tv LG Netflix/Amazon ,R$ 20,Fortaleza -  CE,"Hoje, 08:00",https://ce.olx.com.br/fortaleza-e-regiao/audio-tv-video-e-fotografia/controle-de-tv-lg-netflix-amazon-1091448788,2022-10-01
1091448790,Monitor LG 24 polegadas Full HD 5x sem juros ,R$ 800,Montes Claros -  MG,"Hoje, 08:00",https://mg.olx.com.br/regiao-de-montes-claros-e-diamantina/computadores-e-acessorios/monitor-lg-24-polegadas-full-hd-5x-sem-juros-1091448790,2022-10-01
1091448792,Moto macro pra hoje oportunidade ,R$ 480,Salvador -  BA,"Hoje, 08:00",https://ba.olx.com.br/grande-salvador/celulares/moto-macro-pra-hoje-oportunidade-1091448792,2022-10-01
1091448793,iPhone Xsmax 256 gigas,"R$ 3.45012x de R$ 287,50",Belo Horizonte -  MG,"Hoje, 08:00",https://mg.olx.com.br/belo-horizonte-e-regiao/celulares/iphone-xsmax-256-gigas-1091448793,2022-10-01
1091448793,iPhone Xsmax 256 gigas,"R$ 3.45012x de R$ 287,50",Belo Horizonte -  MG,"Hoje, 08:00",https://mg.olx.com.br/belo-horizonte-e-regiao/celulares/iphone-xsmax-256-gigas-1091448793,2022-10-01
1091448794,Xbox 350 live,R$ 350,Aracaju -  SE,"Hoje, 08:00",https://se.olx.com.br/sergipe/videogames/xbox-350-live-1091448794,2022-10-01
1091448796,Sansung A2s,R$ 500,Campinas -  SP,"Hoje, 08:00",https://sp.olx.com.br/grande-campinas/celulares/sansung-a2s-1091448796,2022-10-01
1091448798, Cabo do iPhone ,R$ 25,Santarém -  PA,"Hoje, 08:00",https://pa.olx.com.br/regiao-de-santarem/audio-tv-video-e-fotografia/cabo-do-iphone-1091448798,2022-10-01
1091448799,Iphone 8 plus semi novo 64gb,R$ 1.250,Aparecida de Goiânia -  GO,"Hoje, 08:00",https://go.olx.com.br/grande-goiania-e-anapolis/celulares/iphone-8-plus-semi-novo-64gb-1091448799,2022-10-01
1091448803,Computador core 2 duo barato ,R$ 380,São Paulo -  SP,"Hoje, 08:00",https://sp.olx.com.br/sao-paulo-e-regiao/computadores-e-acessorios/computador-core-2-duo-barato-1091448803,2022-10-01
1091448804,Xbox 360 V/T,R$ 850,Duque de Caxias -  RJ,"Hoje, 08:00",https://rj.olx.com.br/rio-de-janeiro-e-regiao/videogames/xbox-360-v-t-1091448804,2022-10-01
1091448806,"Vendo 3 Jogos Xbox 360 por R$50,00","R$ 505x de R$ 10,00",Brasília -  DF,"Hoje, 08:00",https://df.olx.com.br/distrito-federal-e-regiao/videogames/vendo-3-jogos-xbox-360-por-r-50-00-1091448806,2022-10-01
1091448807,MOTO G8 ,R$ 600,Salvador -  BA,"Hoje, 08:00",https://ba.olx.com.br/grande-salvador/celulares/moto-g8-1091448807,2022-10-01
1091448810,Vendo,R$ 500,Manaus -  AM,"Hoje, 08:00",https://am.olx.com.br/regiao-de-manaus/celulares/vendo-1091448810,2022-10-01
1091448811,Kits 1155 ddr3 pentium g840 2.8 GHz + 4 gb cada + HD 500 gb cada ,R$ 350,Belém -  PA,"Hoje, 08:00",https://pa.olx.com.br/regiao-de-belem/computadores-e-acessorios/kits-1155-ddr3-pentium-g840-2-8-ghz-4-gb-cada-hd-500-gb-cada-1091448811,2022-10-01
1091448813,IPhone XR 64g - R$ 1.900,,Brasília -  DF,"Hoje, 08:00",https://df.olx.com.br/distrito-federal-e-regiao/celulares/iphone-xr-64g-r-1-900-1091448813,2022-10-01
1091448814,RYZEN 3 2200g PRA SAIR RÁPIDO ,"R$ 35012x de R$ 29,17",Brasília -  DF,"Hoje, 08:00",https://df.olx.com.br/distrito-federal-e-regiao/computadores-e-acessorios/ryzen-3-2200g-pra-sair-rapido-1091448814,2022-10-01
1091448815,Galaxy S20 FE 5G snap 865 (Lacrado+ NF até 12x).       S21 s22 plus ultra note,R$ 1.799,Belo Horizonte -  MG,"Hoje, 08:00",https://mg.olx.com.br/belo-horizonte-e-regiao/celulares/galaxy-s20-fe-5g-snap-865-lacrado-nf-ate-12x--s21-s22-plus-ultra-note-1091448815,2022-10-01
1091448818,Jogos PS3 Originais ,"R$ 303x de R$ 10,00",Teresina -  PI,"Hoje, 08:00",https://pi.olx.com.br/regiao-de-teresina-e-parnaiba/videogames/jogos-ps3-originais-1091448818,2022-10-01
1091448492,Frete,,Brasília -  DF,"Hoje, 08:00",https://df.olx.com.br/distrito-federal-e-regiao/computadores-e-acessorios/frete-1091448492,2022-10-01
1091448534,Conserto de impressoras epson Linha L ,"R$ 10010x de R$ 10,00",Recife -  PE,"Hoje, 08:00",https://pe.olx.com.br/grande-recife/computadores-e-acessorios/conserto-de-impressoras-epson-linha-l-1091448534,2022-10-01
1091448565,Formatação De Computadores e notebooks 50$  Instalações De Programas E Jogos ,R$ 50,Porto Velho -  RO,"Hoje, 08:00",https://ro.olx.com.br/rondonia/computadores-e-acessorios/formatacao-de-computadores-e-notebooks-50-instalacoes-de-programas-e-jogos-1091448565,2022-10-01
1091448573,Computador ,"R$ 1.20012x de R$ 100,00",Toledo -  PR,"Hoje, 08:00",https://pr.olx.com.br/regiao-de-foz-do-iguacu-e-cascavel/computadores-e-acessorios/computador-1091448573,2022-10-01
1091448576,Frete ,,Brasília -  DF,"Hoje, 08:00",https://df.olx.com.br/distrito-federal-e-regiao/audio-tv-video-e-fotografia/frete-1091448576,2022-10-01
1091448425,"Pc a10 9700 com 16gb de memória ddr4,ssd,monitor de 17 teclado e mouse",R$ 1.849,Rio de Janeiro -  RJ,"Hoje, 08:00",https://rj.olx.com.br/rio-de-janeiro-e-regiao/computadores-e-acessorios/pc-a10-9700-com-16gb-de-memoria-ddr4-ssd-monitor-de-17-teclado-e-mouse-1091448425,2022-10-01
1091448464,"Minizinha chip 2: chip ilimitado, novas",R$ 100,João Pessoa -  PB,"Hoje, 08:00",https://pb.olx.com.br/paraiba/computadores-e-acessorios/minizinha-chip-2-chip-ilimitado-novas-1091448464,2022-10-01
1091448472,Lavagem a seco profissional em estofados,,Recife -  PE,"Hoje, 08:00",https://pe.olx.com.br/grande-recife/computadores-e-acessorios/lavagem-a-seco-profissional-em-estofados-1091448472,2022-10-01
1091448288,VENDO XAUMIM POCO ,"R$ 55012x de R$ 45,83",Fortaleza -  CE,"Hoje, 08:00",https://ce.olx.com.br/fortaleza-e-regiao/celulares/vendo-xaumim-poco-1091448288,2022-10-01
1091448289,Notebook ideal para trabalhos e estudos,R$ 750,Natal -  RN,"Hoje, 08:00",https://rn.olx.com.br/rio-grande-do-norte/computadores-e-acessorios/notebook-ideal-para-trabalhos-e-estudos-1091448289,2022-10-01
1091448290,Vendo j7 ,R$ 150,Florianópolis -  SC,"Hoje, 08:00",https://sc.olx.com.br/florianopolis-e-regiao/celulares/vendo-j7-1091448290,2022-10-01
1091448291,Ps4 slim 500gb,R$ 1.650,Marituba -  PA,"Hoje, 08:00",https://pa.olx.com.br/regiao-de-belem/videogames/ps4-slim-500gb-1091448291,2022-10-01
1091448295,Xbox 360 500 gb + Kinect ,R$ 650,Uberlândia -  MG,"Hoje, 08:00",https://mg.olx.com.br/regiao-de-uberlandia-e-uberaba/videogames/xbox-360-500-gb-kinect-1091448295,2022-10-01
1091448297,SANSUNG j6,"R$ 454x de R$ 11,25",Duque de Caxias -  RJ,"Hoje, 08:00",https://rj.olx.com.br/rio-de-janeiro-e-regiao/celulares/sansung-j6-1091448297,2022-10-01
1091448298,Vendo iphone 11 64gb ,R$ 2.600,São Luís -  MA,"Hoje, 08:00",https://ma.olx.com.br/regiao-de-sao-luis/celulares/vendo-iphone-11-64gb-1091448298,2022-10-01
1091448299,Kit DDR2,"R$ 25012x de R$ 20,83",Maceió -  AL,"Hoje, 08:00",https://al.olx.com.br/alagoas/computadores-e-acessorios/kit-ddr2-1091448299,2022-10-01
1091448300,Tv LG smart 32 polegadadas ,R$ 1.000,Aracaju -  SE,"Hoje, 08:00",https://se.olx.com.br/sergipe/audio-tv-video-e-fotografia/tv-lg-smart-32-polegadadas-1091448300,2022-10-01
1091448302,Figurinha copa Eriksen bronze,"R$ 12012x de R$ 10,00",João Pessoa -  PB,"Hoje, 08:00",https://pb.olx.com.br/paraiba/audio-tv-video-e-fotografia/figurinha-copa-eriksen-bronze-1091448302,2022-10-01
1091448303,Monitor lg,R$ 350,Congonhas -  MG,"Hoje, 08:00",https://mg.olx.com.br/belo-horizonte-e-regiao/computadores-e-acessorios/monitor-lg-1091448303,2022-10-01
1091448305,Notebook acer i5 8 Gb e 1 TB top de linha,R$ 1.500,Natal -  RN,"Hoje, 08:00",https://rn.olx.com.br/rio-grande-do-norte/computadores-e-acessorios/notebook-acer-i5-8-gb-e-1-tb-top-de-linha-1091448305,2022-10-01
1091448306,A30 branco ,R$ 390,Ribeirão Preto -  SP,"Hoje, 08:00",https://sp.olx.com.br/regiao-de-ribeirao-preto/celulares/a30-branco-1091448306,2022-10-01
1091448308,Vendo jogos x Box ,R$ 40,Rio de Janeiro -  RJ,"Hoje, 08:00",https://rj.olx.com.br/rio-de-janeiro-e-regiao/videogames/vendo-jogos-x-box-1091448308,2022-10-01
1091448310,Notebook Lenovo Core I5 + Hd SSD + 1 TB de Hd,R$ 1.600,Natal -  RN,"Hoje, 08:00",https://rn.olx.com.br/rio-grande-do-norte/computadores-e-acessorios/notebook-lenovo-core-i5-hd-ssd-1-tb-de-hd-1091448310,2022-10-01
1091448315,Vende-se iPhone SE nova geração ,"R$ 1.40012x de R$ 116,67",Jundiaí -  SP,"Hoje, 08:00",https://sp.olx.com.br/sao-paulo-e-regiao/celulares/vende-se-iphone-se-nova-geracao-1091448315,2022-10-01
1091448316,Xiaomi Redmi Note 11 PRO+ (PLUS) 5G - 8GB / 256GB ou 8GB / 128GB - Leia a descrição,R$ 1.699,Brasília -  DF,"Hoje, 08:00",https://df.olx.com.br/distrito-federal-e-regiao/celulares/xiaomi-redmi-note-11-pro-plus-5g-8gb-256gb-ou-8gb-128gb-leia-a-descricao-1091448316,2022-10-01
1091448319,Notebook Acer com a tela 15.6 estado de novo,R$ 1.300,Natal -  RN,"Hoje, 08:00",https://rn.olx.com.br/rio-grande-do-norte/computadores-e-acessorios/notebook-acer-com-a-tela-15-6-estado-de-novo-1091448319,2022-10-01
1091448323,Microondas 27 Litros ,R$ 250,Goiânia -  GO,"Hoje, 08:00",https://go.olx.com.br/grande-goiania-e-anapolis/audio-tv-video-e-fotografia/microondas-27-litros-1091448323,2022-10-01
1091448325,Xbox One S 1tb,R$ 1.550,São José dos Campos -  SP,"Hoje, 08:00",https://sp.olx.com.br/vale-do-paraiba-e-litoral-norte/videogames/xbox-one-s-1tb-1091448325,2022-10-01
1091448326,Moto Z2 play 64gb,"R$ 2.50012x de R$ 208,33",Natal -  RN,"Hoje, 08:00",https://rn.olx.com.br/rio-grande-do-norte/celulares/moto-z2-play-64gb-1091448326,2022-10-01
1091448328,iPhone XR 64GB muito novo ,R$ 2.050,Salvador -  BA,"Hoje, 08:00",https://ba.olx.com.br/grande-salvador/celulares/iphone-xr-64gb-muito-novo-1091448328,2022-10-01
1091448330,Controle de ps2 para Pc (via usb)88 dias de garantia,"R$ 606x de R$ 10,00",Fortaleza -  CE,"Hoje, 08:00",https://ce.olx.com.br/fortaleza-e-regiao/videogames/controle-de-ps2-para-pc-via-usb-88-dias-de-garantia-1091448330,2022-10-01
1091448331,Mini fonte,"R$ 18012x de R$ 15,00",Maceió -  AL,"Hoje, 08:00",https://al.olx.com.br/alagoas/computadores-e-acessorios/mini-fonte-1091448331,2022-10-01
1091448332,iPhone 6 s 16 gigas conservado ,R$ 480,Feira de Santana -  BA,"Hoje, 08:00",https://ba.olx.com.br/regiao-de-feira-de-santana-e-alagoinhas/celulares/iphone-6-s-16-gigas-conservado-1091448332,2022-10-01
1091448333,Jogos ps4,R$ 350,Guarujá -  SP,"Hoje, 08:00",https://sp.olx.com.br/baixada-santista-e-litoral-sul/videogames/jogos-ps4-1091448333,2022-10-01
1091448338,Vendo Realme C11,"R$ 55012x de R$ 45,83",São Luís -  MA,"Hoje, 08:00",https://ma.olx.com.br/regiao-de-sao-luis/celulares/vendo-realme-c11-1091448338,2022-10-01
